tuoi,thu_nhap_trieu,so_lan_mua_truoc,so_ngay_tu_lan_mua_cuoi,diem_tin_dung,kenh_tiep_can,khu_vuc,mua_hang
34,43.9,5,289,464.0,goi_dien,mien_trung,0
69,47.9,1,220,580.0,goi_dien,mien_trung,0
23,47.6,16,269,619.0,email,mien_trung,1
39,48.8,11,73,720.0,goi_dien,mien_nam,1
22,18.4,5,119,348.0,email,mien_trung,0
57,16.1,14,327,340.0,quang_cao,mien_trung,0
35,26.2,18,353,597.0,sms,mien_trung,0
40,18.8,18,325,328.0,goi_dien,mien_nam,0
60,18.2,7,304,716.0,quang_cao,mien_trung,0
55,18.3,1,38,590.0,sms,mien_nam,0
62,22.1,3,276,364.0,goi_dien,mien_bac,0
45,25.1,13,277,648.0,quang_cao,mien_bac,0
37,19.8,4,123,470.0,sms,mien_nam,0
38,23.4,8,2,842.0,email,mien_nam,1
23,4.6,13,336,654.0,sms,mien_trung,0
68,31.7,2,299,476.0,email,mien_bac,0
49,56.7,18,75,791.0,quang_cao,mien_bac,1
33,17.4,9,231,377.0,sms,mien_bac,0
38,39.7,6,248,475.0,email,mien_trung,0
51,52.7,12,48,613.0,goi_dien,mien_bac,1
22,39.3,1,134,657.0,goi_dien,mien_nam,0
18,17.6,1,215,684.0,email,mien_nam,0
42,55.4,12,268,396.0,goi_dien,mien_nam,0
70,21.0,8,27,794.0,sms,mien_bac,1
70,52.5,19,45,493.0,sms,mien_nam,1
44,42.9,17,252,788.0,email,mien_bac,1
39,47.5,5,36,755.0,goi_dien,mien_trung,1
40,32.5,5,132,642.0,quang_cao,mien_bac,0
38,30.7,1,325,563.0,sms,mien_bac,0
21,59.5,8,329,759.0,sms,mien_nam,0
28,8.0,2,307,435.0,email,mien_trung,0
36,32.3,9,179,566.0,sms,mien_trung,0
62,44.1,11,276,732.0,goi_dien,mien_trung,1
29,9.1,10,94,363.0,goi_dien,mien_trung,1
23,24.8,12,60,675.0,sms,mien_trung,1
24,59.2,18,328,630.0,email,mien_nam,1
47,9.2,18,283,801.0,email,mien_trung,1
55,31.3,17,52,811.0,goi_dien,mien_nam,1
24,41.4,3,340,454.0,goi_dien,mien_nam,0
36,56.1,3,235,725.0,email,mien_bac,0
47,18.1,14,282,310.0,sms,mien_bac,0
45,33.2,16,63,739.0,goi_dien,mien_nam,1
45,42.1,13,164,674.0,sms,mien_trung,1
36,33.6,16,38,805.0,email,mien_trung,1
47,59.3,16,106,456.0,sms,mien_trung,1
70,40.5,4,99,500.0,quang_cao,mien_trung,0
67,28.7,15,137,428.0,sms,mien_nam,1
50,40.5,4,321,745.0,email,mien_trung,0
39,12.2,14,192,807.0,quang_cao,mien_nam,1
65,9.9,8,164,557.0,email,mien_trung,0
59,30.0,3,278,838.0,goi_dien,mien_trung,0
53,35.7,1,300,466.0,goi_dien,mien_trung,0
21,44.0,11,95,761.0,sms,mien_bac,1
55,58.4,5,219,823.0,quang_cao,mien_trung,0
20,19.4,4,42,471.0,quang_cao,mien_trung,0
67,46.6,15,170,826.0,sms,mien_bac,1
56,8.1,19,239,549.0,quang_cao,mien_trung,1
37,33.5,20,306,622.0,goi_dien,mien_bac,1
34,39.8,8,268,805.0,quang_cao,mien_trung,0
44,52.7,19,269,381.0,sms,mien_bac,1
66,12.8,19,182,630.0,email,mien_trung,1
70,13.5,1,205,815.0,goi_dien,mien_nam,0
27,33.8,3,116,705.0,goi_dien,mien_nam,1
68,20.9,9,94,684.0,sms,mien_bac,1
22,9.7,11,239,566.0,sms,mien_bac,0
41,24.9,5,196,329.0,goi_dien,mien_nam,0
32,25.6,12,300,543.0,sms,mien_bac,0
40,17.6,9,139,635.0,quang_cao,mien_trung,0
35,9.6,10,271,767.0,sms,mien_nam,0
55,30.1,19,321,611.0,email,mien_trung,1
45,52.1,10,92,731.0,goi_dien,mien_bac,1
66,46.4,8,210,329.0,sms,mien_trung,0
61,58.9,10,144,345.0,goi_dien,mien_trung,1
35,38.1,14,305,670.0,goi_dien,mien_trung,1
60,14.6,5,349,454.0,quang_cao,mien_trung,0
55,53.6,2,234,512.0,quang_cao,mien_bac,1
52,55.9,5,231,302.0,quang_cao,mien_trung,0
69,58.7,10,235,632.0,quang_cao,mien_bac,0
25,38.5,6,149,630.0,sms,mien_bac,0
25,15.8,4,54,518.0,sms,mien_trung,0
32,30.1,12,171,711.0,quang_cao,mien_trung,1
55,30.3,18,260,486.0,quang_cao,mien_trung,0
52,23.7,2,358,528.0,sms,mien_nam,0
55,53.4,18,51,750.0,quang_cao,mien_nam,0
41,54.0,12,181,395.0,quang_cao,mien_nam,0
67,58.4,15,222,369.0,sms,mien_bac,1
54,26.8,19,156,477.0,email,mien_bac,1
70,34.3,4,292,710.0,sms,mien_trung,0
51,55.6,10,329,395.0,goi_dien,mien_nam,0
40,7.7,19,122,487.0,sms,mien_nam,1
34,24.0,19,357,725.0,goi_dien,mien_nam,1
62,11.4,9,341,304.0,goi_dien,mien_nam,0
44,4.4,9,305,435.0,goi_dien,mien_nam,0
62,10.5,8,288,441.0,quang_cao,mien_nam,0
45,11.9,13,86,676.0,email,mien_bac,1
45,34.2,19,109,536.0,sms,mien_trung,1
32,45.0,9,282,480.0,goi_dien,mien_nam,0
27,40.3,13,112,685.0,quang_cao,mien_nam,1
56,34.4,10,23,595.0,email,mien_bac,1
45,54.8,19,26,728.0,quang_cao,mien_trung,1
27,31.8,13,42,799.0,email,mien_nam,1
39,43.3,3,115,825.0,goi_dien,mien_trung,1
44,38.3,19,2,823.0,email,mien_nam,1
60,47.0,7,68,572.0,email,mien_bac,1
47,29.9,2,44,563.0,email,mien_nam,0
42,34.0,5,229,586.0,goi_dien,mien_trung,0
45,43.2,8,204,624.0,goi_dien,mien_nam,1
32,11.5,6,258,331.0,goi_dien,mien_bac,0
39,45.7,15,144,420.0,quang_cao,mien_nam,1
35,13.1,15,144,836.0,sms,mien_trung,1
32,37.5,5,330,427.0,email,mien_trung,0
50,11.2,11,67,487.0,goi_dien,mien_trung,1
28,56.3,8,266,319.0,quang_cao,mien_nam,0
31,16.4,15,272,717.0,quang_cao,mien_nam,0
36,11.6,17,251,615.0,sms,mien_trung,1
51,5.6,19,36,736.0,sms,mien_nam,1
58,44.1,6,193,829.0,goi_dien,mien_bac,1
27,12.0,19,157,312.0,goi_dien,mien_trung,1
64,22.9,19,303,846.0,quang_cao,mien_nam,1
36,21.2,5,158,661.0,quang_cao,mien_nam,0
40,19.0,20,230,335.0,goi_dien,mien_bac,1
65,8.0,3,302,472.0,goi_dien,mien_nam,0
48,35.1,15,249,392.0,sms,mien_bac,0
39,56.7,4,94,633.0,email,mien_nam,1
39,22.5,14,237,524.0,email,mien_trung,0
58,5.2,8,259,618.0,quang_cao,mien_trung,0
33,18.3,14,29,488.0,goi_dien,mien_trung,1
31,22.0,18,273,513.0,quang_cao,mien_bac,0
59,37.7,13,108,612.0,quang_cao,mien_bac,1
52,16.4,2,78,520.0,goi_dien,mien_trung,0
45,7.6,10,338,631.0,goi_dien,mien_nam,0
64,10.7,12,158,603.0,quang_cao,mien_nam,1
41,34.3,19,216,564.0,goi_dien,mien_nam,1
51,9.3,10,130,523.0,goi_dien,mien_trung,1
58,15.6,16,150,778.0,email,mien_nam,1
63,32.5,3,122,605.0,email,mien_trung,0
47,49.5,8,252,498.0,sms,mien_nam,0
50,44.4,20,34,466.0,goi_dien,mien_bac,1
37,53.5,7,258,354.0,goi_dien,mien_nam,0
65,5.8,11,262,723.0,sms,mien_bac,0
41,6.6,3,108,630.0,email,mien_bac,0
42,40.2,12,54,397.0,sms,mien_nam,1
67,11.3,20,343,704.0,sms,mien_bac,1
66,58.6,18,52,809.0,quang_cao,mien_trung,1
45,45.2,9,344,607.0,quang_cao,mien_nam,0
41,46.3,18,223,500.0,goi_dien,,1
59,44.6,11,360,539.0,sms,mien_bac,0
34,52.7,7,365,506.0,sms,mien_trung,0
64,6.4,18,34,800.0,goi_dien,mien_trung,1
50,16.5,5,165,773.0,sms,mien_trung,0
37,32.0,3,42,752.0,sms,mien_trung,1
49,14.7,19,41,461.0,goi_dien,mien_nam,1
28,6.7,7,30,793.0,goi_dien,mien_nam,1
37,34.5,1,10,580.0,goi_dien,mien_nam,1
49,23.5,9,282,363.0,goi_dien,mien_nam,0
70,56.9,2,332,355.0,goi_dien,mien_nam,0
18,9.6,1,238,374.0,quang_cao,mien_bac,0
65,25.6,10,330,794.0,quang_cao,mien_nam,0
35,21.4,1,4,455.0,email,mien_trung,0
44,19.7,6,92,533.0,quang_cao,mien_bac,0
23,13.9,0,210,686.0,email,mien_bac,0
59,14.4,6,194,615.0,goi_dien,mien_bac,0
20,24.8,15,290,779.0,sms,mien_trung,1
42,20.6,7,283,824.0,goi_dien,mien_nam,0
53,46.0,6,305,822.0,email,mien_nam,0
20,40.0,1,203,332.0,quang_cao,mien_trung,0
40,36.7,9,240,649.0,sms,mien_nam,0
49,,9,141,440.0,goi_dien,mien_trung,0
59,45.7,10,106,407.0,quang_cao,mien_nam,1
48,27.2,17,97,762.0,sms,mien_trung,1
62,4.9,0,238,721.0,quang_cao,mien_bac,0
32,31.2,12,80,613.0,email,mien_nam,1
56,59.2,16,106,412.0,quang_cao,mien_bac,1
69,59.5,15,219,504.0,quang_cao,mien_bac,1
57,20.7,14,237,510.0,goi_dien,mien_bac,1
56,35.6,20,326,816.0,email,mien_trung,1
36,23.1,4,165,701.0,goi_dien,mien_bac,0
20,11.4,20,48,719.0,goi_dien,mien_nam,1
61,8.2,3,217,720.0,email,mien_bac,0
22,22.0,2,123,830.0,email,mien_bac,0
64,8.1,4,316,506.0,goi_dien,mien_bac,0
60,41.0,1,343,838.0,email,mien_trung,0
34,31.3,15,312,656.0,email,mien_bac,0
67,52.0,16,236,564.0,quang_cao,mien_nam,1
57,10.6,19,40,528.0,email,mien_nam,1
70,26.1,1,365,534.0,goi_dien,mien_trung,0
28,8.3,13,326,349.0,email,mien_bac,0
66,45.0,4,301,306.0,goi_dien,mien_trung,0
51,49.9,5,273,482.0,quang_cao,mien_bac,0
28,59.1,18,184,329.0,sms,mien_trung,1
40,58.4,8,98,393.0,sms,mien_bac,1
30,23.1,17,39,796.0,email,mien_bac,1
33,16.5,14,263,313.0,sms,mien_trung,0
26,17.0,6,103,669.0,goi_dien,mien_trung,1
68,26.9,13,70,507.0,quang_cao,mien_trung,1
42,39.1,8,244,513.0,quang_cao,mien_bac,0
68,36.9,9,53,744.0,goi_dien,mien_trung,1
33,15.0,10,337,633.0,quang_cao,mien_bac,0
34,6.5,20,145,846.0,quang_cao,mien_nam,1
23,11.4,6,343,563.0,quang_cao,mien_trung,0
62,13.7,19,11,734.0,sms,mien_nam,1
32,33.9,8,45,767.0,email,mien_nam,1
59,44.0,12,124,397.0,quang_cao,mien_bac,1
64,12.4,6,120,717.0,sms,mien_trung,0
49,11.8,1,132,590.0,goi_dien,mien_nam,0
61,9.6,3,104,687.0,goi_dien,mien_nam,0
34,38.8,12,75,826.0,quang_cao,mien_nam,1
52,44.1,13,223,697.0,goi_dien,mien_bac,1
47,47.1,7,216,441.0,quang_cao,mien_trung,0
64,18.3,17,285,789.0,quang_cao,mien_bac,1
53,45.9,6,59,614.0,sms,mien_nam,1
36,54.0,19,136,743.0,email,mien_trung,1
35,5.3,6,255,486.0,goi_dien,mien_nam,0
34,37.0,14,349,657.0,goi_dien,mien_bac,0
60,25.3,7,104,653.0,quang_cao,mien_bac,0
39,,15,77,521.0,goi_dien,mien_bac,1
25,55.5,4,36,833.0,email,mien_nam,1
46,26.1,10,207,462.0,quang_cao,mien_nam,0
20,29.1,10,152,630.0,email,mien_nam,1
37,17.3,20,104,558.0,email,mien_bac,1
49,11.6,15,128,317.0,email,mien_trung,1
48,26.0,19,352,363.0,goi_dien,mien_bac,0
52,54.3,8,291,419.0,quang_cao,mien_bac,0
50,24.5,7,184,365.0,quang_cao,mien_bac,0
34,19.7,0,29,755.0,quang_cao,mien_trung,0
58,16.4,5,124,801.0,sms,mien_nam,0
56,13.1,20,199,366.0,quang_cao,mien_bac,1
24,26.5,8,262,355.0,sms,mien_nam,0
42,56.0,11,156,319.0,sms,mien_nam,0
65,6.4,17,180,354.0,sms,mien_trung,0
50,35.9,12,278,777.0,goi_dien,mien_bac,1
48,23.5,8,85,431.0,email,mien_nam,1
21,21.1,5,224,498.0,quang_cao,mien_bac,0
57,34.0,5,171,351.0,sms,mien_bac,0
29,21.0,4,236,843.0,sms,mien_trung,0
41,23.4,8,68,575.0,sms,mien_nam,1
47,52.3,5,154,846.0,goi_dien,mien_trung,1
37,46.8,0,96,635.0,sms,mien_bac,0
33,57.8,14,136,622.0,goi_dien,mien_nam,1
34,17.6,1,192,806.0,email,mien_trung,0
35,47.6,10,5,849.0,email,mien_bac,1
38,33.9,2,324,796.0,email,mien_bac,0
51,39.8,5,71,479.0,goi_dien,mien_trung,1
30,54.7,1,188,665.0,email,mien_bac,0
47,37.3,3,237,633.0,email,mien_nam,0
51,11.7,4,204,363.0,email,mien_trung,0
46,4.7,15,274,555.0,sms,mien_trung,0
65,10.8,5,190,559.0,goi_dien,mien_bac,0
32,58.6,18,275,482.0,email,mien_nam,1
20,59.3,18,128,302.0,email,mien_bac,1
57,46.0,0,86,631.0,sms,mien_nam,0
33,30.2,1,265,497.0,sms,mien_nam,0
40,48.1,4,60,613.0,goi_dien,mien_trung,1
51,29.3,13,249,776.0,goi_dien,mien_nam,1
52,31.8,18,156,595.0,sms,mien_bac,1
61,25.5,11,80,436.0,quang_cao,mien_nam,1
37,10.9,6,152,366.0,goi_dien,mien_bac,0
61,36.1,2,223,505.0,sms,mien_bac,0
59,8.8,7,103,378.0,sms,mien_trung,0
57,46.1,19,41,740.0,sms,mien_trung,1
64,27.6,6,20,649.0,goi_dien,mien_bac,1
65,35.7,2,243,485.0,quang_cao,mien_trung,0
44,4.4,15,70,771.0,quang_cao,mien_nam,1
52,31.2,4,287,620.0,sms,mien_trung,0
36,12.8,6,259,557.0,quang_cao,mien_bac,0
67,27.9,16,319,777.0,email,mien_trung,1
66,12.2,3,270,712.0,email,mien_bac,0
61,10.2,6,100,447.0,quang_cao,mien_bac,0
35,22.3,2,1,670.0,email,mien_nam,1
,36.3,12,8,412.0,quang_cao,mien_nam,1
64,25.8,16,116,720.0,quang_cao,mien_trung,1
69,16.9,18,5,742.0,quang_cao,mien_trung,1
69,45.9,6,31,654.0,quang_cao,mien_nam,1
59,4.1,11,54,545.0,goi_dien,mien_bac,1
61,5.2,19,3,762.0,goi_dien,mien_bac,1
38,19.6,20,234,834.0,sms,mien_bac,1
61,35.0,9,177,743.0,email,mien_nam,1
68,57.1,17,159,428.0,quang_cao,mien_bac,1
25,25.0,12,271,837.0,sms,mien_nam,1
18,32.4,13,246,764.0,email,mien_bac,1
21,31.3,4,360,844.0,goi_dien,mien_bac,0
60,30.3,4,85,492.0,sms,mien_trung,0
25,27.2,14,265,698.0,goi_dien,mien_trung,1
38,37.7,3,159,407.0,email,mien_trung,0
28,42.3,2,100,629.0,email,mien_nam,0
44,57.3,2,33,740.0,sms,mien_nam,1
24,59.2,19,156,621.0,quang_cao,mien_nam,1
56,35.8,11,268,436.0,email,mien_bac,0
32,5.0,2,20,429.0,quang_cao,mien_bac,0
42,56.4,12,272,845.0,quang_cao,mien_bac,1
25,59.0,6,144,709.0,sms,mien_bac,1
,35.3,4,81,381.0,email,mien_nam,0
42,19.3,20,229,501.0,email,mien_nam,1
66,46.0,13,91,752.0,quang_cao,mien_nam,1
47,40.3,6,113,801.0,sms,mien_bac,1
40,27.5,15,208,808.0,quang_cao,mien_bac,1
37,24.0,2,37,847.0,goi_dien,mien_trung,1
58,8.1,0,186,394.0,quang_cao,mien_trung,0
54,23.4,0,276,716.0,sms,mien_nam,0
68,19.8,4,193,413.0,goi_dien,mien_nam,0
69,18.2,11,271,688.0,goi_dien,mien_trung,0
43,46.3,9,100,799.0,sms,mien_bac,1
65,51.8,18,175,397.0,sms,mien_trung,1
62,21.7,4,87,345.0,goi_dien,mien_bac,0
18,9.2,20,46,774.0,sms,mien_bac,1
62,59.9,12,215,727.0,quang_cao,mien_nam,1
33,26.5,4,167,593.0,sms,mien_bac,0
51,7.8,9,40,457.0,quang_cao,mien_bac,1
65,53.6,9,171,581.0,sms,mien_bac,1
54,19.9,10,315,720.0,quang_cao,mien_trung,0
69,17.5,19,59,608.0,goi_dien,mien_trung,1
28,38.0,20,135,716.0,sms,mien_bac,1
52,35.0,11,215,574.0,goi_dien,mien_bac,0
38,22.0,20,225,309.0,goi_dien,mien_trung,1
43,28.0,12,98,353.0,sms,mien_trung,1
20,34.0,13,186,586.0,goi_dien,mien_trung,1
59,38.3,4,221,648.0,goi_dien,mien_trung,0
66,31.1,9,212,657.0,goi_dien,mien_bac,1
44,16.9,17,219,610.0,goi_dien,mien_nam,1
41,21.0,8,238,413.0,email,mien_nam,0
58,14.3,14,111,489.0,sms,mien_bac,1
21,16.1,6,272,689.0,sms,mien_bac,0
60,9.3,4,209,686.0,goi_dien,mien_nam,0
67,22.7,20,339,568.0,sms,mien_nam,1
68,40.1,14,158,591.0,goi_dien,mien_bac,1
48,16.2,4,279,666.0,email,mien_trung,0
18,57.2,3,161,614.0,quang_cao,mien_nam,0
22,44.7,1,81,647.0,goi_dien,mien_nam,1
69,39.6,18,212,395.0,sms,mien_nam,1
30,34.1,11,180,375.0,sms,mien_bac,0
37,44.0,7,101,840.0,sms,mien_nam,1
37,20.0,0,313,775.0,quang_cao,mien_trung,0
55,4.3,4,179,525.0,goi_dien,mien_nam,0
38,13.3,2,297,508.0,sms,mien_trung,0
45,56.5,11,62,495.0,quang_cao,mien_bac,1
66,13.9,12,92,492.0,quang_cao,mien_nam,1
44,19.0,17,68,496.0,sms,mien_trung,1
25,46.5,0,,849.0,email,mien_bac,0
43,25.9,13,271,477.0,sms,mien_trung,0
59,51.6,8,202,330.0,email,mien_nam,0
28,37.2,1,65,587.0,quang_cao,mien_bac,0
61,56.2,5,58,734.0,goi_dien,mien_nam,1
58,48.8,6,288,410.0,email,mien_nam,0
42,58.5,15,137,700.0,sms,mien_trung,1
25,41.6,10,241,623.0,goi_dien,mien_bac,1
18,26.4,6,132,714.0,quang_cao,mien_trung,0
52,27.0,10,96,377.0,email,mien_nam,1
40,36.9,3,162,387.0,sms,mien_bac,0
33,14.0,6,66,843.0,goi_dien,mien_nam,1
57,54.7,8,166,494.0,sms,mien_trung,0
55,14.1,15,264,818.0,goi_dien,mien_bac,1
53,44.3,5,167,426.0,email,mien_trung,0
36,23.7,19,3,404.0,quang_cao,mien_nam,1
55,5.8,13,230,389.0,email,mien_bac,0
28,25.1,9,156,328.0,goi_dien,mien_bac,0
38,20.7,0,188,458.0,goi_dien,mien_trung,0
19,29.2,9,111,410.0,goi_dien,mien_nam,1
36,24.1,3,314,425.0,quang_cao,mien_bac,0
50,19.0,0,99,832.0,goi_dien,mien_trung,0
22,23.3,16,328,704.0,email,mien_bac,1
44,20.8,17,55,694.0,quang_cao,mien_bac,1
41,4.4,7,275,647.0,sms,mien_bac,0
33,14.0,2,146,420.0,email,mien_bac,0
22,50.9,6,145,762.0,goi_dien,mien_trung,1
29,34.7,15,141,667.0,email,mien_bac,1
24,55.6,15,247,615.0,quang_cao,mien_trung,1
25,22.9,12,202,808.0,quang_cao,mien_trung,1
69,31.9,20,77,370.0,quang_cao,mien_nam,1
25,13.0,6,346,836.0,goi_dien,mien_nam,0
23,38.4,0,79,725.0,email,mien_nam,0
20,33.0,11,311,314.0,sms,mien_trung,0
19,18.2,4,172,613.0,sms,mien_trung,0
67,42.2,15,214,808.0,quang_cao,mien_nam,1
31,14.3,12,99,387.0,email,mien_trung,1
50,53.7,11,95,772.0,sms,mien_trung,1
67,43.5,3,201,592.0,sms,mien_nam,0
57,34.8,17,1,350.0,goi_dien,mien_nam,1
49,59.1,13,151,680.0,sms,mien_trung,1
19,45.8,18,227,680.0,sms,mien_bac,1
53,46.3,4,197,455.0,email,mien_trung,0
59,31.9,1,128,611.0,email,mien_bac,0
22,59.2,3,365,693.0,goi_dien,mien_nam,0
47,41.6,0,290,610.0,email,mien_nam,0
35,40.7,1,90,682.0,sms,mien_nam,0
34,38.9,12,261,418.0,email,mien_nam,0
22,16.7,0,144,603.0,email,mien_nam,0
38,9.0,13,254,730.0,sms,mien_bac,0
64,6.7,15,312,672.0,email,mien_nam,0
19,49.3,16,196,465.0,email,mien_nam,1
46,26.9,10,15,822.0,sms,mien_nam,1
40,41.3,10,190,706.0,email,mien_bac,1
55,53.3,16,100,563.0,email,mien_trung,1
61,38.5,16,77,758.0,sms,mien_bac,1
50,54.7,13,178,621.0,goi_dien,mien_nam,1
44,57.0,7,198,365.0,email,mien_trung,0
22,32.9,9,329,709.0,sms,mien_bac,0
31,19.5,6,50,541.0,quang_cao,mien_trung,0
41,46.2,2,293,774.0,email,mien_nam,0
28,11.1,1,189,357.0,quang_cao,mien_trung,0
44,5.7,7,284,350.0,quang_cao,mien_trung,0
46,12.6,15,26,333.0,quang_cao,mien_nam,1
61,48.2,7,55,441.0,sms,mien_nam,1
67,4.8,19,322,791.0,email,mien_bac,1
33,51.1,15,44,361.0,sms,mien_bac,1
25,4.4,5,218,357.0,email,mien_bac,0
55,21.1,10,350,694.0,sms,mien_bac,0
28,58.7,16,34,716.0,quang_cao,mien_trung,1
56,4.2,4,241,530.0,quang_cao,mien_nam,0
55,15.5,6,314,785.0,quang_cao,mien_nam,0
53,25.3,6,291,588.0,sms,mien_bac,0
43,49.6,2,189,573.0,email,mien_trung,0
37,4.3,11,284,849.0,email,mien_trung,0
65,41.7,18,62,515.0,sms,mien_trung,1
52,40.7,2,205,714.0,quang_cao,mien_nam,0
35,18.8,13,184,375.0,sms,mien_bac,0
43,5.1,8,82,679.0,email,mien_nam,1
65,43.6,16,213,517.0,goi_dien,mien_nam,1
69,36.2,17,355,319.0,goi_dien,mien_bac,0
25,11.3,3,349,376.0,email,mien_nam,0
42,21.3,7,365,634.0,goi_dien,mien_trung,0
52,20.4,20,348,665.0,email,mien_bac,1
69,54.0,16,86,371.0,goi_dien,mien_nam,1
56,14.7,9,302,660.0,quang_cao,mien_bac,0
35,39.1,0,169,696.0,goi_dien,mien_trung,0
58,26.4,14,331,597.0,sms,mien_nam,0
34,59.5,16,281,547.0,quang_cao,mien_nam,1
49,12.6,17,198,595.0,sms,mien_bac,1
63,40.1,14,293,692.0,goi_dien,mien_nam,1
28,21.4,1,41,501.0,goi_dien,mien_bac,0
31,23.5,13,22,534.0,goi_dien,mien_trung,1
57,45.5,1,255,345.0,quang_cao,mien_bac,0
64,42.9,10,68,354.0,quang_cao,mien_trung,0
23,5.0,18,263,340.0,sms,mien_bac,0
66,49.0,0,150,311.0,quang_cao,mien_nam,0
42,10.6,19,309,702.0,email,mien_nam,1
49,8.7,14,98,664.0,sms,mien_bac,1
63,56.1,1,163,467.0,email,mien_trung,0
43,13.2,6,19,704.0,email,mien_nam,1
29,18.6,12,339,480.0,goi_dien,mien_bac,0
27,25.9,8,151,382.0,email,mien_nam,0
63,39.9,11,95,462.0,goi_dien,mien_bac,1
40,40.7,16,308,648.0,sms,mien_bac,1
65,38.7,7,4,491.0,goi_dien,mien_trung,1
28,36.8,5,78,684.0,goi_dien,mien_bac,1
28,28.0,11,140,672.0,email,mien_nam,1
57,22.3,0,145,573.0,quang_cao,mien_bac,1
35,33.2,8,186,751.0,email,mien_nam,1
21,59.9,15,156,444.0,sms,mien_bac,1
65,52.8,19,135,361.0,sms,mien_nam,1
28,51.7,12,266,745.0,goi_dien,mien_bac,1
48,28.4,2,117,385.0,quang_cao,mien_trung,0
55,57.2,20,34,367.0,quang_cao,mien_bac,1
37,27.1,11,280,526.0,quang_cao,mien_trung,0
66,31.8,14,269,697.0,sms,mien_nam,1
23,11.2,2,168,501.0,sms,mien_nam,0
60,18.8,9,116,811.0,goi_dien,mien_trung,1
25,20.8,14,138,701.0,sms,mien_bac,1
58,38.1,18,363,650.0,email,mien_trung,0
25,42.4,4,167,625.0,quang_cao,mien_trung,0
20,32.7,14,234,399.0,sms,mien_bac,0
68,59.5,6,126,340.0,sms,mien_trung,0
39,17.5,1,34,461.0,quang_cao,mien_bac,0
58,24.2,4,207,421.0,email,mien_nam,0
60,16.8,14,163,384.0,sms,mien_trung,0
35,45.3,6,165,694.0,quang_cao,mien_nam,0
68,50.1,12,242,496.0,goi_dien,mien_bac,1
21,16.5,20,357,636.0,email,mien_bac,1
32,51.2,5,328,643.0,email,mien_bac,0
56,38.3,10,294,484.0,goi_dien,mien_trung,0
60,15.9,14,48,635.0,goi_dien,mien_bac,1
35,30.1,11,4,747.0,email,mien_bac,1
45,54.5,14,311,349.0,email,mien_trung,0
39,5.6,9,288,703.0,sms,mien_trung,0
46,33.4,0,194,839.0,quang_cao,mien_nam,0
28,26.0,12,217,352.0,quang_cao,mien_nam,0
26,37.2,14,290,651.0,sms,mien_bac,0
59,21.3,6,129,543.0,email,mien_trung,0
25,21.5,14,81,371.0,quang_cao,mien_trung,1
52,5.8,5,180,352.0,sms,mien_nam,0
18,24.4,19,341,836.0,email,mien_trung,1
27,35.7,8,257,682.0,goi_dien,mien_nam,0
53,46.0,2,133,629.0,email,mien_nam,0
44,36.0,7,156,417.0,quang_cao,mien_trung,0
59,22.6,3,213,602.0,sms,mien_nam,0
65,40.7,14,44,383.0,quang_cao,mien_trung,1
35,4.9,6,70,382.0,quang_cao,mien_bac,0
60,17.5,0,99,698.0,sms,mien_nam,0
21,5.8,18,62,739.0,goi_dien,mien_trung,0
46,50.4,10,195,750.0,email,mien_trung,1
36,38.8,20,65,339.0,quang_cao,mien_bac,1
35,24.0,15,210,523.0,sms,mien_trung,1
54,29.8,3,106,748.0,sms,mien_bac,0
46,18.4,18,197,349.0,sms,mien_trung,1
65,42.8,9,361,421.0,goi_dien,mien_nam,0
24,47.3,8,241,376.0,goi_dien,mien_bac,0
58,31.2,16,154,432.0,sms,mien_trung,1
58,15.0,15,49,613.0,email,mien_bac,1
70,13.8,10,346,392.0,email,mien_bac,0
62,55.4,8,347,799.0,quang_cao,mien_trung,0
21,46.1,13,123,444.0,email,mien_bac,1
43,40.1,16,185,563.0,sms,mien_nam,1
56,43.6,20,122,409.0,sms,mien_trung,1
21,37.9,16,248,376.0,quang_cao,mien_trung,0
68,54.5,6,102,307.0,goi_dien,mien_bac,0
43,51.9,13,307,356.0,goi_dien,mien_bac,0
61,20.3,2,162,521.0,goi_dien,mien_bac,0
59,33.0,6,96,771.0,quang_cao,mien_trung,1
23,50.1,3,210,542.0,goi_dien,mien_trung,0
65,57.0,20,28,840.0,email,mien_bac,1
33,41.0,10,254,725.0,email,mien_nam,0
25,15.5,10,176,562.0,email,mien_trung,0
28,9.4,8,321,632.0,goi_dien,mien_trung,0
70,15.3,14,151,406.0,goi_dien,mien_bac,1
22,51.0,16,292,826.0,quang_cao,mien_trung,1
31,27.8,18,35,440.0,quang_cao,mien_nam,1
25,23.5,16,34,327.0,goi_dien,mien_nam,1
36,31.7,9,284,468.0,quang_cao,mien_trung,0
27,16.5,9,28,610.0,sms,mien_nam,1
35,54.3,16,233,835.0,sms,mien_trung,1
63,42.9,20,22,582.0,quang_cao,mien_nam,1
46,18.0,10,103,308.0,goi_dien,mien_nam,1
53,41.2,16,334,345.0,quang_cao,mien_bac,0
59,26.3,17,14,712.0,goi_dien,mien_nam,1
63,30.3,0,326,819.0,sms,mien_bac,0
59,32.5,18,165,393.0,email,mien_trung,1
37,8.3,13,352,426.0,email,mien_trung,0
34,44.3,6,337,629.0,goi_dien,mien_trung,0
63,8.0,13,118,715.0,quang_cao,mien_trung,1
46,37.0,7,65,728.0,quang_cao,mien_bac,1
24,47.4,15,269,512.0,goi_dien,mien_nam,1
59,57.5,8,132,607.0,goi_dien,mien_trung,1
42,19.8,17,363,838.0,quang_cao,mien_nam,0
22,15.3,1,89,815.0,quang_cao,mien_bac,0
21,57.8,0,177,549.0,sms,mien_nam,0
23,48.7,12,17,544.0,goi_dien,mien_bac,1
43,15.4,14,164,561.0,sms,mien_nam,1
63,7.7,10,175,468.0,email,mien_trung,0
39,5.9,11,214,428.0,goi_dien,mien_bac,0
59,28.2,4,305,816.0,goi_dien,mien_trung,0
28,41.5,5,89,426.0,email,mien_nam,0
34,41.2,6,232,472.0,sms,mien_nam,0
56,26.2,2,196,612.0,quang_cao,mien_trung,0
65,58.1,17,109,724.0,goi_dien,mien_bac,0
28,19.8,15,10,783.0,quang_cao,mien_nam,1
27,18.0,4,159,829.0,quang_cao,mien_nam,0
63,51.9,16,191,624.0,email,mien_trung,1
59,17.9,15,241,614.0,goi_dien,mien_trung,1
46,23.0,20,313,670.0,quang_cao,mien_trung,1
19,30.0,17,67,833.0,quang_cao,mien_trung,1
57,42.7,0,70,670.0,email,mien_bac,0
69,11.5,11,202,676.0,goi_dien,mien_bac,1
33,14.3,15,108,530.0,quang_cao,mien_bac,1
41,7.5,2,192,527.0,sms,mien_nam,0
64,30.9,16,8,827.0,goi_dien,mien_bac,1
38,45.5,12,346,451.0,email,mien_bac,0
20,47.7,15,23,601.0,email,mien_bac,1
56,54.2,7,24,390.0,quang_cao,mien_bac,1
69,23.1,9,206,829.0,goi_dien,mien_trung,1
33,46.9,1,91,644.0,sms,mien_trung,0
64,50.2,4,344,378.0,sms,mien_trung,0
55,22.9,10,344,742.0,quang_cao,mien_trung,0
22,33.7,4,88,596.0,goi_dien,mien_trung,1
60,7.7,12,186,849.0,quang_cao,mien_trung,1
25,47.7,5,50,781.0,quang_cao,mien_bac,1
44,21.1,13,349,612.0,quang_cao,mien_bac,0
18,51.6,14,354,577.0,email,mien_trung,0
23,52.5,16,177,317.0,quang_cao,mien_bac,1
38,22.3,15,302,714.0,quang_cao,mien_nam,0
60,51.0,19,360,550.0,email,mien_bac,1
42,10.0,7,34,794.0,quang_cao,mien_bac,1
28,10.8,18,241,352.0,email,mien_trung,0
54,29.7,9,338,745.0,goi_dien,mien_nam,0
35,37.7,20,83,785.0,sms,mien_trung,1
24,16.5,16,312,815.0,email,mien_nam,1
52,52.9,18,87,413.0,quang_cao,mien_nam,1
27,12.4,6,115,485.0,goi_dien,mien_bac,0
57,14.3,4,238,509.0,email,mien_trung,0
55,8.8,10,297,440.0,quang_cao,mien_nam,0
40,46.3,12,47,588.0,goi_dien,mien_nam,1
39,20.3,6,140,608.0,email,mien_bac,0
54,39.3,2,130,418.0,email,mien_nam,0
69,50.4,3,135,793.0,,mien_nam,1
29,7.5,12,52,335.0,email,mien_nam,1
43,28.6,20,19,671.0,email,mien_trung,1
22,24.4,19,141,508.0,goi_dien,mien_nam,1
28,37.4,20,181,534.0,goi_dien,mien_bac,1
69,28.0,14,253,395.0,goi_dien,mien_trung,0
23,58.8,6,146,428.0,goi_dien,mien_trung,0
22,55.3,13,76,339.0,goi_dien,mien_trung,1
62,6.3,20,32,,goi_dien,mien_nam,1
30,50.7,9,323,589.0,goi_dien,mien_bac,0
59,35.2,11,361,717.0,sms,mien_nam,0
29,23.9,0,332,599.0,quang_cao,mien_nam,0
48,35.0,6,213,602.0,goi_dien,mien_trung,0
36,12.7,5,79,646.0,quang_cao,mien_nam,0
27,42.2,12,135,343.0,quang_cao,mien_bac,0
37,4.1,18,304,338.0,goi_dien,mien_bac,0
41,12.7,15,198,415.0,goi_dien,mien_trung,1
57,21.6,13,62,398.0,quang_cao,mien_trung,1
61,44.0,17,273,627.0,quang_cao,mien_nam,1
59,29.1,7,336,539.0,quang_cao,mien_trung,0
34,59.4,4,215,529.0,quang_cao,mien_nam,0
66,25.2,17,131,536.0,quang_cao,mien_bac,0
30,7.6,0,146,844.0,email,mien_trung,0
54,44.6,6,221,707.0,email,mien_nam,0
65,30.0,0,212,510.0,goi_dien,mien_bac,0
56,20.1,2,145,796.0,quang_cao,mien_bac,0
25,16.7,18,201,545.0,email,mien_bac,1
50,56.8,17,323,471.0,sms,mien_nam,0
45,19.6,3,281,339.0,goi_dien,mien_bac,0
22,44.7,19,29,534.0,email,mien_trung,1
51,42.5,6,274,732.0,sms,mien_bac,0
64,26.4,12,247,695.0,quang_cao,mien_trung,0
69,35.4,1,184,817.0,goi_dien,mien_nam,0
46,51.4,5,86,694.0,email,mien_nam,1
26,44.5,11,345,484.0,sms,mien_bac,0
23,41.4,20,207,465.0,goi_dien,mien_nam,1
28,46.4,10,330,357.0,email,mien_trung,0
48,25.1,5,28,358.0,sms,mien_trung,0
61,32.0,10,127,713.0,email,mien_bac,1
50,54.7,10,155,790.0,email,mien_nam,1
30,37.4,19,101,400.0,email,mien_nam,1
68,31.1,6,142,826.0,email,mien_nam,1
64,7.0,3,131,810.0,goi_dien,mien_nam,1
59,23.6,18,342,476.0,quang_cao,mien_bac,0
45,51.0,17,6,655.0,email,mien_nam,1
61,17.5,12,309,635.0,sms,mien_trung,0
35,55.0,17,156,577.0,email,mien_nam,1
43,19.5,6,159,609.0,quang_cao,mien_bac,0
32,8.0,6,147,493.0,goi_dien,mien_bac,0
60,21.3,19,2,656.0,quang_cao,mien_bac,1
47,8.3,7,223,625.0,quang_cao,mien_nam,0
44,20.6,19,355,405.0,goi_dien,mien_bac,0
48,50.9,12,244,640.0,email,mien_bac,1
31,15.1,3,329,755.0,sms,mien_trung,0
40,37.2,14,260,638.0,sms,mien_trung,0
54,31.9,2,190,768.0,quang_cao,mien_nam,0
18,26.8,9,184,448.0,email,mien_bac,0
42,26.8,1,282,641.0,sms,mien_nam,0
24,31.3,10,354,637.0,email,mien_bac,0
59,39.9,11,333,640.0,goi_dien,mien_trung,0
35,43.1,20,82,419.0,sms,mien_nam,1
63,49.3,14,329,301.0,goi_dien,mien_bac,1
46,46.6,15,279,622.0,sms,mien_bac,1
42,56.5,14,247,769.0,goi_dien,mien_trung,1
48,45.8,20,158,641.0,sms,mien_bac,1
49,22.6,12,310,486.0,quang_cao,mien_bac,0
41,28.9,18,235,353.0,quang_cao,mien_nam,0
23,40.6,16,85,638.0,goi_dien,mien_bac,1
28,33.9,6,83,592.0,quang_cao,mien_bac,0
36,6.0,18,26,550.0,email,mien_trung,1
50,14.5,13,7,823.0,email,mien_trung,1
67,13.0,10,109,551.0,quang_cao,mien_bac,0
33,6.9,3,91,352.0,goi_dien,mien_nam,0
60,10.0,7,358,678.0,email,mien_bac,0
44,44.8,17,301,662.0,goi_dien,mien_nam,1
27,36.1,11,8,421.0,goi_dien,mien_bac,1
63,33.5,4,124,700.0,goi_dien,mien_trung,1
24,37.0,5,349,510.0,sms,mien_trung,0
45,24.7,12,172,421.0,email,mien_nam,0
56,8.2,5,184,620.0,goi_dien,mien_bac,0
53,59.9,14,60,627.0,quang_cao,mien_nam,1
58,16.5,20,181,688.0,quang_cao,mien_bac,1
36,51.9,14,281,596.0,quang_cao,mien_bac,0
61,48.9,10,327,803.0,email,mien_nam,0
66,29.1,18,25,758.0,goi_dien,mien_bac,1
45,55.8,0,283,633.0,email,mien_bac,0
40,58.4,20,127,677.0,sms,mien_nam,1
41,31.7,0,9,804.0,goi_dien,mien_bac,1
61,51.3,13,248,689.0,quang_cao,mien_trung,0
31,53.2,13,142,385.0,sms,mien_trung,1
36,23.6,13,55,634.0,sms,mien_trung,1
43,31.1,3,283,751.0,quang_cao,mien_trung,0
41,22.4,15,168,379.0,goi_dien,mien_trung,1
19,25.3,19,341,511.0,quang_cao,mien_bac,0
64,41.6,3,178,663.0,quang_cao,mien_nam,0
43,51.1,8,359,678.0,goi_dien,mien_trung,0
36,31.3,17,328,612.0,quang_cao,mien_trung,0
62,11.5,15,270,642.0,sms,mien_nam,0
34,15.9,5,345,843.0,goi_dien,mien_trung,0
38,19.3,16,115,328.0,sms,mien_nam,1
48,52.9,12,307,702.0,quang_cao,mien_nam,0
21,58.6,16,99,703.0,sms,mien_bac,1
48,34.3,16,247,514.0,sms,mien_bac,1
56,39.1,19,342,477.0,quang_cao,mien_nam,0
39,43.2,2,359,738.0,goi_dien,mien_trung,0
38,30.8,13,316,831.0,email,mien_bac,1
27,49.8,19,92,312.0,quang_cao,mien_trung,1
26,42.9,19,194,691.0,quang_cao,mien_nam,1
46,44.0,20,146,339.0,email,mien_nam,1
49,10.4,20,193,764.0,email,mien_nam,1
60,25.7,6,207,606.0,goi_dien,mien_nam,0
69,32.1,19,230,649.0,goi_dien,mien_nam,1
44,58.4,14,74,792.0,email,mien_nam,1
43,9.3,13,120,644.0,sms,mien_bac,1
55,9.4,3,54,427.0,goi_dien,mien_nam,0
58,27.2,4,78,601.0,sms,mien_nam,0
59,21.2,1,84,820.0,sms,mien_bac,0
57,17.5,4,183,518.0,goi_dien,mien_nam,0
52,20.8,19,299,380.0,quang_cao,mien_nam,0
51,15.6,18,87,747.0,quang_cao,mien_bac,1
48,18.1,6,321,628.0,quang_cao,mien_trung,0
62,39.6,12,50,742.0,quang_cao,mien_bac,1
58,21.3,16,197,565.0,email,mien_bac,1
22,7.6,4,186,456.0,goi_dien,mien_trung,0
62,6.7,5,38,400.0,goi_dien,mien_bac,0
30,38.1,15,129,470.0,sms,mien_bac,1
32,28.8,9,234,506.0,quang_cao,mien_trung,0
51,51.7,4,59,373.0,email,mien_nam,0
24,20.7,3,361,707.0,sms,mien_nam,0
62,51.8,5,319,839.0,quang_cao,mien_nam,0
49,27.8,19,176,803.0,goi_dien,mien_trung,1
27,35.1,2,252,515.0,goi_dien,mien_bac,0
37,34.3,20,29,545.0,,mien_nam,1
27,44.4,2,82,425.0,goi_dien,mien_bac,0
43,11.9,16,143,346.0,goi_dien,mien_bac,1
43,8.0,12,81,848.0,goi_dien,mien_nam,1
51,5.4,11,239,759.0,quang_cao,mien_nam,0
30,5.2,3,22,597.0,email,mien_nam,1
24,25.5,14,125,773.0,goi_dien,mien_nam,1
67,42.5,11,35,500.0,goi_dien,mien_nam,1
44,14.8,17,251,662.0,sms,mien_trung,1
43,59.4,0,5,499.0,email,mien_nam,1
66,43.7,20,57,556.0,email,mien_trung,1
43,37.8,6,344,622.0,quang_cao,mien_nam,0
35,36.4,8,205,689.0,quang_cao,mien_trung,0
38,56.1,9,147,668.0,quang_cao,mien_bac,1
42,52.0,1,171,744.0,goi_dien,mien_nam,0
25,53.0,11,224,596.0,email,mien_trung,1
18,50.5,4,157,508.0,sms,mien_nam,0
67,20.7,10,70,474.0,goi_dien,mien_trung,1
24,32.0,5,51,739.0,goi_dien,mien_trung,1
38,52.5,2,215,346.0,email,mien_bac,0
30,5.1,17,68,388.0,goi_dien,mien_trung,1
56,20.2,14,362,721.0,quang_cao,mien_trung,0
46,57.3,18,174,601.0,quang_cao,mien_bac,1
50,38.8,4,135,510.0,quang_cao,mien_nam,0
47,29.1,14,317,566.0,quang_cao,mien_bac,0
18,12.1,1,48,478.0,sms,mien_bac,0
33,19.6,2,209,817.0,email,mien_trung,0
20,32.7,8,102,491.0,quang_cao,mien_trung,0
42,34.7,18,28,565.0,goi_dien,mien_nam,1
32,8.2,0,278,779.0,goi_dien,mien_nam,0
40,58.9,11,60,381.0,sms,mien_nam,1
34,40.2,0,272,341.0,quang_cao,mien_bac,0
34,7.3,6,298,475.0,sms,mien_nam,0
67,58.1,16,332,736.0,goi_dien,mien_bac,1
27,34.9,13,150,786.0,quang_cao,mien_nam,1
36,36.8,20,78,675.0,email,mien_trung,1
55,29.4,5,70,804.0,email,mien_trung,1
42,47.5,3,345,385.0,quang_cao,mien_bac,0
64,45.0,7,210,658.0,quang_cao,mien_nam,0
27,17.6,8,286,759.0,goi_dien,mien_bac,0
67,21.6,7,337,625.0,sms,mien_bac,0
54,33.2,16,55,561.0,quang_cao,mien_bac,1
47,20.1,19,202,,email,mien_nam,1
21,46.3,8,22,532.0,quang_cao,mien_nam,1
41,24.1,12,48,582.0,quang_cao,mien_trung,1
46,46.2,12,114,378.0,sms,mien_nam,1
30,58.9,13,307,408.0,sms,mien_bac,0
62,23.0,11,91,493.0,sms,mien_trung,1
44,52.1,5,171,800.0,sms,mien_trung,0
62,32.0,4,282,430.0,quang_cao,mien_bac,0
36,55.5,17,,647.0,sms,mien_trung,1
19,12.6,1,355,663.0,quang_cao,mien_bac,0
38,52.7,20,151,429.0,quang_cao,mien_nam,1
33,27.3,0,81,632.0,quang_cao,mien_bac,0
68,22.6,19,171,428.0,quang_cao,mien_trung,1
39,17.0,16,16,405.0,sms,mien_bac,1
31,51.0,6,179,409.0,sms,mien_bac,0
46,43.6,5,186,682.0,email,mien_nam,0
30,46.6,18,5,443.0,goi_dien,mien_trung,1
39,5.6,4,191,380.0,quang_cao,mien_trung,0
38,55.9,11,161,442.0,email,mien_bac,1
57,20.8,15,352,684.0,goi_dien,mien_nam,0
26,11.8,13,121,335.0,quang_cao,mien_bac,0
54,27.0,8,91,780.0,email,mien_trung,1
68,38.3,14,275,528.0,email,mien_trung,0
68,29.3,3,328,349.0,quang_cao,mien_bac,0
39,9.6,13,364,599.0,quang_cao,mien_nam,0
63,4.0,8,291,823.0,quang_cao,mien_nam,0
70,41.9,14,102,712.0,email,mien_trung,1
44,55.2,13,289,346.0,email,mien_bac,0
19,50.6,0,105,514.0,email,mien_bac,0
47,8.6,8,250,571.0,quang_cao,mien_bac,0
37,33.1,18,32,847.0,sms,mien_bac,1
43,29.9,2,229,343.0,goi_dien,mien_bac,0
61,36.6,9,259,484.0,quang_cao,mien_bac,0
50,42.4,18,57,352.0,goi_dien,mien_trung,1
42,49.6,16,141,479.0,email,mien_bac,1
57,47.8,6,108,696.0,quang_cao,mien_bac,1
66,24.5,6,277,633.0,sms,mien_nam,0
32,23.3,12,292,429.0,sms,mien_trung,0
30,52.3,13,80,434.0,email,mien_nam,1
30,54.4,16,280,408.0,sms,mien_bac,0
43,37.1,12,233,554.0,sms,mien_bac,0
27,52.7,4,214,736.0,goi_dien,mien_bac,0
40,34.6,2,172,440.0,email,mien_nam,0
36,29.5,8,217,366.0,sms,mien_bac,0
62,50.2,18,39,356.0,email,mien_bac,1
70,55.4,1,277,804.0,sms,mien_nam,0
68,6.5,16,309,718.0,goi_dien,mien_nam,1
56,20.4,13,326,303.0,goi_dien,mien_nam,0
36,29.1,7,23,376.0,email,mien_trung,1
66,6.6,19,81,651.0,goi_dien,mien_trung,1
67,49.3,3,103,423.0,goi_dien,mien_trung,0
65,47.8,3,233,787.0,goi_dien,mien_trung,0
21,4.4,16,318,729.0,goi_dien,mien_bac,1
23,59.0,18,336,812.0,email,mien_trung,1
32,19.1,5,123,339.0,quang_cao,mien_nam,0
37,17.8,12,7,408.0,quang_cao,mien_bac,1
36,21.1,18,334,789.0,quang_cao,mien_trung,0
30,42.7,1,153,513.0,quang_cao,mien_bac,0
51,35.9,8,267,829.0,sms,mien_bac,0
52,58.9,15,113,782.0,sms,mien_bac,1
27,55.0,14,211,406.0,goi_dien,mien_trung,1
69,57.7,16,287,697.0,email,mien_nam,1
62,15.0,19,276,321.0,sms,mien_trung,0
24,6.0,14,332,476.0,sms,mien_bac,0
23,55.0,6,137,457.0,email,mien_trung,0
48,14.4,20,128,303.0,sms,mien_bac,1
49,5.7,18,100,308.0,goi_dien,mien_bac,1
36,10.1,13,344,777.0,sms,mien_nam,0
45,26.1,10,327,789.0,email,mien_trung,0
50,22.5,10,77,726.0,sms,mien_nam,1
49,52.4,12,185,571.0,goi_dien,mien_nam,1
37,39.5,9,45,716.0,goi_dien,mien_nam,1
63,49.9,7,103,487.0,sms,mien_nam,1
39,55.0,15,257,515.0,quang_cao,mien_bac,0
22,53.4,17,297,485.0,goi_dien,mien_nam,1
65,17.4,18,298,805.0,quang_cao,mien_bac,0
28,49.1,12,227,592.0,goi_dien,mien_nam,1
48,33.6,1,50,470.0,quang_cao,mien_trung,0
51,51.7,5,234,695.0,sms,mien_trung,0
61,41.1,17,216,450.0,email,mien_trung,1
28,14.3,7,106,595.0,quang_cao,mien_trung,0
33,45.4,15,275,762.0,email,mien_nam,1
39,17.5,8,343,764.0,sms,mien_nam,0
30,54.2,12,136,598.0,goi_dien,mien_nam,1
40,52.8,11,188,786.0,quang_cao,mien_bac,1
40,59.1,9,301,431.0,sms,mien_bac,0
51,11.5,8,252,745.0,sms,mien_bac,0
48,12.5,11,207,693.0,goi_dien,mien_nam,1
50,58.9,19,164,500.0,email,mien_bac,1
37,24.9,17,257,822.0,goi_dien,mien_nam,1
25,34.6,0,345,406.0,email,mien_nam,0
64,38.8,19,56,500.0,sms,mien_nam,1
27,27.0,13,342,839.0,quang_cao,mien_bac,0
27,45.0,12,273,778.0,quang_cao,mien_nam,0
62,10.7,20,255,512.0,quang_cao,mien_trung,1
70,40.4,0,296,722.0,goi_dien,mien_bac,0
22,54.4,12,297,538.0,goi_dien,mien_nam,1
55,31.1,11,35,591.0,email,mien_nam,1
47,17.5,6,120,703.0,email,mien_nam,1
63,53.7,6,242,626.0,quang_cao,mien_trung,0
25,4.3,15,279,346.0,quang_cao,mien_nam,0
67,7.5,16,130,422.0,email,mien_nam,1
62,48.5,3,42,818.0,sms,mien_trung,1
59,57.0,20,60,528.0,goi_dien,mien_nam,1
66,19.2,4,340,339.0,sms,mien_trung,0
47,56.3,0,285,636.0,email,mien_nam,0
67,36.1,3,194,707.0,quang_cao,mien_trung,0
26,39.0,17,289,818.0,quang_cao,mien_trung,1
40,22.1,6,125,480.0,goi_dien,mien_trung,0
51,4.5,17,245,440.0,sms,mien_nam,0
36,38.8,11,262,613.0,quang_cao,mien_bac,0
37,20.4,4,178,832.0,goi_dien,mien_nam,1
30,24.9,8,31,337.0,sms,mien_trung,0
54,16.3,13,70,501.0,goi_dien,mien_trung,1
34,9.0,0,302,307.0,sms,mien_trung,0
58,23.4,16,114,367.0,email,mien_bac,1
19,41.9,4,351,381.0,sms,mien_nam,0
67,6.5,4,14,582.0,sms,mien_trung,0
29,49.5,17,206,437.0,goi_dien,mien_nam,1
34,49.9,17,214,640.0,sms,mien_nam,1
67,49.5,8,253,472.0,goi_dien,mien_bac,0
49,29.0,20,129,622.0,quang_cao,mien_nam,1
46,44.1,9,84,538.0,sms,mien_bac,1
35,7.5,5,65,584.0,email,mien_nam,1
37,22.6,9,36,687.0,email,mien_bac,1
25,29.7,2,212,578.0,quang_cao,mien_nam,0
70,19.0,10,35,722.0,sms,mien_bac,1
20,59.7,13,181,622.0,goi_dien,mien_nam,1
67,33.5,15,4,742.0,goi_dien,mien_bac,1
34,24.0,14,47,626.0,email,mien_bac,1
22,38.3,8,194,798.0,sms,mien_bac,1
19,22.8,7,103,339.0,goi_dien,mien_bac,0
66,11.9,15,73,794.0,sms,mien_bac,1
50,26.2,12,203,589.0,goi_dien,mien_trung,1
22,36.3,8,138,411.0,goi_dien,mien_nam,1
26,49.4,18,80,495.0,email,mien_nam,1
52,22.2,11,112,746.0,quang_cao,mien_nam,1
25,32.7,18,150,809.0,sms,mien_bac,1
52,10.7,1,79,662.0,sms,mien_trung,0
66,42.8,5,301,390.0,sms,mien_nam,0
27,13.7,8,18,461.0,quang_cao,mien_nam,1
55,13.6,10,63,719.0,goi_dien,mien_trung,1
37,58.6,17,346,309.0,sms,mien_trung,0
38,59.9,14,340,754.0,sms,mien_trung,0
35,16.8,13,214,631.0,email,mien_trung,1
22,4.8,6,43,681.0,email,mien_bac,1
59,56.6,6,347,826.0,quang_cao,mien_bac,0
56,15.4,6,121,599.0,quang_cao,mien_trung,1
32,31.6,6,17,818.0,goi_dien,mien_nam,1
28,32.8,19,47,682.0,quang_cao,mien_trung,1
46,21.4,1,363,412.0,quang_cao,mien_trung,0
34,19.3,10,82,365.0,sms,mien_nam,1
36,24.7,18,175,399.0,goi_dien,mien_bac,1
27,21.3,9,325,837.0,sms,mien_trung,0
47,26.0,2,272,588.0,email,mien_nam,0
29,47.6,19,57,655.0,sms,mien_nam,1
29,10.9,10,61,607.0,goi_dien,mien_trung,1
54,40.5,16,83,795.0,quang_cao,mien_trung,1
48,35.9,1,18,673.0,goi_dien,mien_nam,1
65,26.9,18,305,691.0,email,mien_trung,1
61,49.9,18,44,482.0,sms,mien_trung,1
47,27.4,9,99,373.0,goi_dien,mien_bac,0
22,17.1,17,127,587.0,sms,mien_bac,1
25,11.2,1,344,814.0,goi_dien,mien_trung,0
50,34.3,4,358,845.0,sms,mien_trung,1
24,9.3,3,88,850.0,email,mien_bac,1
51,39.4,18,365,572.0,goi_dien,mien_bac,1
23,18.0,2,24,324.0,sms,mien_bac,0
65,9.9,2,232,397.0,email,mien_bac,0
54,11.6,8,342,356.0,quang_cao,mien_bac,0
34,42.8,2,205,429.0,goi_dien,mien_nam,0
43,57.2,13,335,687.0,sms,mien_trung,0
61,8.6,16,349,463.0,goi_dien,mien_bac,0
38,14.8,10,102,706.0,goi_dien,mien_nam,1
24,21.9,10,109,596.0,goi_dien,mien_bac,1
20,57.5,0,108,695.0,goi_dien,mien_trung,0
20,8.9,12,220,524.0,sms,mien_bac,0
51,18.1,15,181,531.0,goi_dien,mien_nam,1
27,49.7,7,15,775.0,goi_dien,mien_trung,1
54,15.7,5,33,317.0,goi_dien,mien_bac,0
19,52.5,5,362,557.0,goi_dien,mien_trung,0
67,5.2,18,273,377.0,sms,mien_bac,0
55,40.6,2,338,613.0,email,mien_bac,0
18,23.0,5,137,710.0,sms,mien_nam,0
19,23.5,7,48,319.0,sms,mien_bac,0
31,57.5,8,241,648.0,sms,mien_trung,0
64,49.5,20,13,647.0,email,mien_trung,1
49,29.2,12,151,320.0,email,mien_nam,1
53,46.0,12,271,777.0,sms,mien_trung,0
42,22.4,7,92,521.0,sms,mien_trung,0
67,11.1,11,49,693.0,quang_cao,mien_bac,1
30,29.6,9,100,327.0,goi_dien,mien_bac,1
34,24.8,9,258,302.0,quang_cao,mien_bac,0
66,24.4,5,1,374.0,sms,mien_nam,1
34,46.0,2,224,781.0,goi_dien,mien_bac,0
31,49.3,6,53,636.0,goi_dien,mien_trung,1
20,14.7,10,38,833.0,quang_cao,mien_trung,1
69,37.9,7,198,652.0,email,mien_bac,0
33,38.5,8,119,640.0,goi_dien,mien_bac,1
21,16.7,10,66,664.0,quang_cao,mien_bac,1
64,37.4,3,85,838.0,quang_cao,mien_nam,1
38,45.9,11,143,627.0,goi_dien,mien_bac,1
48,50.8,13,323,398.0,quang_cao,mien_bac,0
62,57.6,5,199,799.0,quang_cao,mien_nam,0
64,54.2,6,25,608.0,email,mien_bac,1
22,45.1,0,25,322.0,email,mien_trung,0
27,38.6,2,50,805.0,quang_cao,mien_bac,1
42,34.3,6,272,585.0,sms,mien_bac,0
42,51.3,8,15,342.0,sms,mien_trung,1
,45.5,19,162,801.0,goi_dien,mien_nam,1
27,28.2,12,136,558.0,sms,mien_nam,1
31,47.5,6,157,493.0,quang_cao,mien_trung,0
65,13.3,15,166,694.0,sms,mien_bac,1
34,5.3,7,63,847.0,sms,mien_bac,1
22,40.6,4,359,612.0,goi_dien,mien_trung,0
50,10.4,8,259,483.0,sms,mien_nam,0
30,23.5,3,349,615.0,quang_cao,mien_nam,0
45,32.5,3,22,727.0,sms,mien_trung,1
68,21.3,14,114,514.0,email,mien_nam,1
46,41.6,3,7,492.0,email,mien_bac,1
70,29.1,18,19,668.0,email,mien_trung,1
48,47.0,16,310,328.0,sms,mien_bac,0
31,18.3,18,301,315.0,email,mien_trung,0
45,48.1,14,346,791.0,goi_dien,mien_nam,1
49,4.5,1,21,770.0,email,mien_bac,1
39,33.9,11,20,741.0,sms,mien_nam,1
66,54.0,12,232,734.0,goi_dien,mien_nam,1
35,10.0,6,160,576.0,quang_cao,mien_nam,0
55,15.8,20,239,530.0,goi_dien,mien_bac,1
40,16.3,18,283,824.0,goi_dien,mien_bac,1
45,29.0,9,1,829.0,goi_dien,mien_nam,1
65,15.7,18,24,533.0,goi_dien,mien_bac,1
43,44.3,2,333,554.0,sms,mien_bac,0
66,19.2,12,41,764.0,sms,mien_nam,1
62,46.2,2,282,698.0,goi_dien,mien_nam,0
58,22.7,14,278,451.0,sms,mien_trung,0
24,10.6,12,77,479.0,email,mien_bac,1
41,53.6,17,124,551.0,email,mien_nam,1
55,29.3,10,307,636.0,sms,mien_trung,0
23,30.3,1,265,418.0,email,mien_trung,0
47,49.6,1,106,810.0,goi_dien,mien_trung,1
35,18.3,20,129,354.0,sms,mien_nam,1
51,13.2,11,34,834.0,sms,mien_bac,1
26,6.8,6,318,515.0,quang_cao,mien_bac,0
49,12.4,20,20,632.0,goi_dien,mien_bac,1
53,55.1,17,37,828.0,goi_dien,mien_trung,1
36,59.8,18,17,566.0,quang_cao,mien_nam,1
40,4.8,5,238,609.0,goi_dien,mien_trung,0
46,37.0,6,233,466.0,quang_cao,mien_bac,0
26,6.2,4,184,586.0,quang_cao,mien_trung,0
40,22.2,16,125,623.0,quang_cao,mien_bac,1
53,43.8,3,350,733.0,goi_dien,mien_nam,0
59,11.6,9,3,470.0,goi_dien,mien_bac,1
42,41.2,0,108,816.0,goi_dien,mien_bac,1
57,39.2,17,75,316.0,email,mien_bac,1
47,4.8,10,17,642.0,email,mien_trung,1
48,7.8,1,99,314.0,quang_cao,mien_trung,0
65,31.3,10,290,403.0,quang_cao,mien_trung,0
30,6.8,18,322,361.0,email,mien_trung,0
34,33.9,20,95,340.0,goi_dien,mien_nam,1
67,35.3,0,110,511.0,sms,mien_nam,0
20,37.9,5,258,304.0,quang_cao,mien_trung,0
27,14.6,12,147,330.0,goi_dien,mien_bac,1
44,23.1,15,206,750.0,sms,mien_bac,1
27,28.4,19,113,451.0,goi_dien,mien_trung,1
57,44.6,13,218,385.0,sms,mien_bac,0
26,30.5,15,210,770.0,sms,mien_trung,1
33,4.1,16,89,745.0,quang_cao,mien_nam,1
29,10.3,20,116,596.0,email,mien_bac,1
48,9.1,11,170,571.0,sms,mien_bac,0
42,58.8,6,184,418.0,sms,mien_nam,0
24,58.9,4,14,470.0,quang_cao,mien_nam,1
31,16.4,10,61,406.0,goi_dien,mien_trung,1
51,51.7,3,16,375.0,goi_dien,mien_nam,1
48,41.4,0,122,633.0,quang_cao,mien_trung,0
46,5.4,0,113,734.0,sms,mien_trung,0
50,7.9,6,69,593.0,quang_cao,mien_trung,0
61,56.9,11,16,722.0,quang_cao,mien_bac,1
67,35.2,14,154,829.0,goi_dien,mien_nam,1
21,32.8,17,250,482.0,quang_cao,mien_nam,1
28,5.4,16,115,604.0,email,mien_nam,1
68,36.8,17,14,326.0,sms,mien_nam,1
48,25.3,4,231,671.0,email,mien_trung,0
51,37.9,17,139,699.0,quang_cao,mien_nam,1
62,27.4,1,147,334.0,sms,mien_bac,0
66,14.4,18,130,782.0,quang_cao,mien_trung,1
22,18.8,14,287,333.0,quang_cao,mien_bac,0
41,13.0,8,72,677.0,sms,mien_trung,1
48,45.1,11,206,774.0,sms,mien_nam,1
65,22.1,14,161,717.0,goi_dien,mien_bac,1
36,57.7,4,242,331.0,goi_dien,mien_trung,0
44,30.3,2,170,333.0,goi_dien,mien_nam,0
57,25.7,14,296,552.0,goi_dien,mien_bac,0
34,42.9,7,50,494.0,goi_dien,mien_nam,1
39,27.0,14,23,533.0,sms,mien_bac,1
32,20.8,3,200,394.0,email,mien_trung,0
40,55.9,16,271,333.0,goi_dien,mien_trung,1
33,11.0,13,331,797.0,email,mien_trung,0
22,36.4,8,4,494.0,sms,mien_trung,1
36,30.1,3,35,590.0,quang_cao,mien_trung,0
63,7.5,6,121,729.0,sms,mien_nam,0
26,45.8,9,263,520.0,quang_cao,mien_bac,0
33,30.6,14,108,655.0,quang_cao,mien_trung,1
27,56.6,12,109,818.0,email,mien_bac,1
28,14.5,18,171,352.0,email,mien_trung,1
61,55.9,11,199,679.0,sms,mien_bac,0
57,21.8,19,300,717.0,quang_cao,mien_bac,1
67,51.0,17,48,635.0,quang_cao,mien_nam,1
38,44.9,8,16,358.0,quang_cao,mien_trung,1
25,23.8,8,27,529.0,quang_cao,mien_bac,1
66,10.1,19,227,357.0,goi_dien,mien_nam,1
70,48.6,12,107,834.0,goi_dien,mien_nam,1
70,44.6,12,172,718.0,email,mien_trung,1
54,47.5,14,62,579.0,goi_dien,mien_trung,1
60,10.6,12,111,524.0,goi_dien,mien_bac,1
55,24.7,2,105,307.0,sms,mien_nam,0
57,19.5,8,83,780.0,sms,mien_trung,1
38,47.2,17,171,346.0,email,mien_trung,1
57,16.3,0,176,701.0,quang_cao,mien_nam,0
22,38.0,12,137,448.0,quang_cao,mien_bac,1
57,49.0,16,308,766.0,email,mien_bac,0
33,58.5,16,177,581.0,sms,mien_trung,1
21,41.6,7,291,457.0,goi_dien,mien_trung,0
66,25.9,3,62,417.0,goi_dien,mien_bac,0
61,15.3,16,110,513.0,email,mien_trung,1
30,22.0,9,107,314.0,sms,mien_trung,0
32,11.4,11,1,807.0,quang_cao,mien_nam,1
53,36.8,7,31,687.0,quang_cao,mien_trung,1
47,9.2,1,128,547.0,quang_cao,mien_trung,0
19,46.0,19,359,745.0,goi_dien,mien_bac,1
70,22.4,17,224,610.0,sms,mien_nam,1
64,6.7,2,317,551.0,goi_dien,mien_trung,0
36,37.3,18,328,340.0,quang_cao,mien_trung,0
49,54.7,5,122,597.0,sms,mien_nam,0
35,43.0,19,286,556.0,quang_cao,mien_bac,1
22,44.4,11,305,662.0,sms,mien_nam,0
23,33.3,14,59,460.0,email,mien_trung,1
27,21.9,11,151,670.0,email,mien_bac,1
32,37.7,19,240,743.0,goi_dien,mien_bac,1
66,22.2,10,139,318.0,email,mien_nam,0
63,48.8,3,217,471.0,goi_dien,mien_nam,0
43,52.1,16,159,460.0,email,mien_bac,1
64,17.2,18,270,833.0,sms,mien_trung,1
54,42.5,20,47,547.0,email,mien_nam,1
26,43.2,6,140,309.0,quang_cao,mien_nam,0
46,5.7,9,291,583.0,email,mien_bac,0
32,22.4,11,353,319.0,goi_dien,mien_trung,0
24,16.8,19,271,843.0,email,mien_bac,1
52,26.5,6,216,583.0,sms,mien_nam,0
20,55.8,17,255,434.0,goi_dien,mien_trung,1
54,35.0,19,15,571.0,sms,mien_trung,1
23,13.1,15,94,736.0,sms,mien_bac,1
26,48.3,15,297,441.0,quang_cao,mien_nam,0
28,50.6,3,205,757.0,email,mien_bac,0
60,43.2,10,27,755.0,sms,mien_bac,1
68,29.1,8,102,377.0,goi_dien,mien_trung,0
46,9.8,11,48,543.0,sms,mien_trung,1
64,43.0,1,174,708.0,quang_cao,mien_trung,0
41,25.9,14,50,461.0,quang_cao,mien_trung,1
21,35.4,6,224,336.0,email,mien_trung,0
27,13.0,17,147,805.0,quang_cao,mien_nam,1
44,26.8,18,169,636.0,sms,mien_nam,1
52,42.8,11,324,538.0,email,mien_trung,0
62,31.7,13,140,522.0,goi_dien,mien_bac,1
66,9.9,11,84,799.0,sms,mien_nam,1
34,27.1,16,171,607.0,quang_cao,mien_nam,1
18,28.0,10,224,504.0,quang_cao,mien_bac,0
63,40.5,0,277,841.0,goi_dien,mien_trung,0
34,24.9,7,183,335.0,sms,mien_bac,0
68,5.9,19,114,846.0,sms,mien_nam,1
43,34.9,19,117,552.0,sms,mien_trung,1
61,13.1,1,88,512.0,goi_dien,mien_trung,0
49,13.2,20,143,804.0,quang_cao,mien_trung,1
65,18.7,13,64,507.0,goi_dien,mien_nam,1
60,32.6,9,33,402.0,quang_cao,mien_bac,1
50,44.0,17,105,324.0,goi_dien,mien_trung,1
67,42.7,1,158,612.0,quang_cao,mien_nam,0
35,29.8,20,263,816.0,email,mien_nam,1
59,47.1,14,26,470.0,sms,mien_bac,1
27,14.8,10,288,706.0,quang_cao,mien_nam,0
20,48.1,14,142,473.0,email,mien_trung,1
70,49.5,6,356,614.0,email,mien_bac,0
29,56.6,5,9,402.0,sms,mien_bac,1
23,33.9,6,96,582.0,email,mien_bac,1
27,30.4,6,358,634.0,quang_cao,mien_nam,0
32,46.4,12,61,818.0,goi_dien,mien_nam,1
39,30.6,2,35,591.0,sms,mien_trung,0
40,38.6,13,55,463.0,sms,mien_nam,1
25,15.9,6,168,590.0,email,mien_nam,0
60,31.4,8,270,356.0,quang_cao,mien_trung,0
69,42.2,9,323,553.0,quang_cao,mien_bac,0
20,5.3,20,171,833.0,quang_cao,mien_nam,1
20,13.1,10,113,369.0,sms,mien_bac,0
51,38.0,17,15,492.0,goi_dien,mien_bac,1
27,44.3,5,260,760.0,goi_dien,mien_trung,0
22,51.2,1,224,655.0,email,mien_bac,0
26,20.1,15,120,520.0,quang_cao,mien_bac,1
37,18.7,10,151,567.0,email,mien_bac,1
68,46.3,13,58,763.0,email,mien_bac,1
65,59.8,4,357,595.0,quang_cao,mien_nam,0
70,37.7,20,275,360.0,goi_dien,mien_bac,1
44,44.7,20,234,771.0,email,mien_trung,1
43,38.3,0,239,315.0,goi_dien,mien_nam,0
60,43.3,2,286,350.0,sms,mien_bac,0
58,58.0,2,45,316.0,goi_dien,mien_nam,0
70,19.5,14,76,438.0,quang_cao,mien_nam,1
48,33.1,0,192,816.0,sms,mien_trung,0
35,14.3,3,206,723.0,email,mien_bac,0
47,51.8,10,248,660.0,goi_dien,mien_trung,1
64,5.0,1,108,537.0,quang_cao,mien_nam,0
58,40.7,1,123,589.0,goi_dien,mien_nam,0
39,17.5,5,341,403.0,quang_cao,mien_trung,0
49,45.6,4,10,497.0,email,mien_bac,1
54,19.5,13,243,501.0,sms,mien_bac,0
51,35.2,20,111,631.0,email,mien_nam,1
70,52.9,4,163,539.0,sms,mien_bac,0
41,5.4,10,329,505.0,goi_dien,mien_bac,0
28,54.0,11,242,615.0,sms,mien_trung,0
57,28.7,15,315,410.0,email,mien_nam,0
44,39.8,16,61,754.0,goi_dien,mien_trung,1
26,33.7,19,74,315.0,sms,mien_bac,1
26,17.5,15,202,511.0,email,mien_trung,1
56,51.8,18,275,738.0,quang_cao,mien_trung,1
70,4.5,1,261,496.0,email,mien_nam,0
24,4.7,16,307,832.0,sms,mien_trung,0
37,25.8,5,226,692.0,email,mien_trung,0
57,32.0,19,225,438.0,quang_cao,mien_nam,1
53,31.8,9,116,457.0,quang_cao,mien_bac,0
33,59.3,7,204,652.0,quang_cao,mien_bac,0
64,36.0,17,365,671.0,quang_cao,mien_nam,0
69,40.6,15,307,778.0,quang_cao,mien_trung,0
52,57.7,13,355,329.0,email,mien_nam,0
40,26.5,1,118,450.0,goi_dien,mien_bac,0
64,17.7,3,213,396.0,sms,mien_bac,0
51,20.1,18,133,429.0,,mien_nam,1
50,41.0,9,261,598.0,goi_dien,mien_nam,0
63,56.3,10,52,661.0,goi_dien,mien_nam,1
24,18.1,13,341,613.0,goi_dien,mien_nam,0
61,16.0,1,248,424.0,sms,mien_bac,0
20,11.1,4,186,660.0,sms,mien_bac,0
30,8.2,3,106,582.0,sms,mien_trung,0
48,53.1,18,297,449.0,goi_dien,mien_bac,1
38,35.9,17,178,698.0,quang_cao,mien_bac,1
29,51.8,16,215,489.0,sms,mien_trung,1
26,32.9,11,343,808.0,goi_dien,mien_bac,0
70,47.1,19,14,774.0,email,mien_nam,1
41,10.1,17,22,576.0,email,mien_nam,1
53,5.5,7,226,535.0,quang_cao,mien_trung,0
48,46.9,10,75,418.0,sms,mien_bac,1
22,6.5,4,304,639.0,goi_dien,mien_bac,0
37,11.4,20,11,708.0,quang_cao,mien_trung,1
20,23.6,6,65,602.0,sms,mien_nam,1
29,21.9,4,263,694.0,sms,mien_nam,0
58,44.2,1,166,645.0,sms,mien_trung,0
48,23.6,16,87,310.0,sms,mien_trung,1
54,30.3,7,359,709.0,quang_cao,mien_nam,0
26,36.8,8,202,378.0,goi_dien,mien_trung,0
49,39.1,20,45,514.0,goi_dien,mien_bac,1
23,52.8,11,263,376.0,email,mien_nam,0
18,33.0,9,85,366.0,sms,mien_nam,1
61,50.8,8,182,658.0,quang_cao,mien_trung,0
70,7.2,17,343,339.0,quang_cao,mien_nam,0
44,25.1,13,5,657.0,sms,mien_bac,1
57,46.2,15,232,835.0,goi_dien,mien_bac,1
47,46.3,4,279,516.0,email,mien_trung,0
36,41.7,13,294,364.0,sms,mien_bac,0
65,40.1,19,151,398.0,sms,mien_trung,1
31,25.1,4,39,765.0,sms,mien_trung,1
62,28.8,5,120,340.0,email,mien_bac,0
42,9.8,17,282,358.0,email,mien_bac,0
61,21.9,1,169,494.0,goi_dien,mien_nam,0
38,41.6,12,284,836.0,sms,mien_trung,0
57,49.3,6,325,849.0,quang_cao,mien_trung,0
64,33.6,4,189,837.0,goi_dien,mien_nam,1
45,55.8,1,228,406.0,quang_cao,mien_nam,0
51,44.6,3,238,378.0,email,mien_trung,0
64,32.6,6,331,616.0,quang_cao,mien_trung,0
48,23.2,16,25,572.0,quang_cao,mien_bac,1
56,19.6,6,255,560.0,sms,mien_trung,0
40,6.6,0,57,574.0,sms,mien_trung,0
35,29.6,12,231,304.0,goi_dien,mien_trung,0
50,30.9,0,5,804.0,goi_dien,mien_nam,1
26,47.8,6,194,412.0,quang_cao,mien_bac,0
31,13.9,18,164,415.0,goi_dien,mien_bac,1
23,27.4,14,48,735.0,email,mien_trung,1
37,4.7,12,169,505.0,quang_cao,mien_trung,0
65,59.6,0,330,617.0,goi_dien,mien_nam,0
51,54.4,7,40,469.0,goi_dien,mien_trung,1
57,22.3,12,236,582.0,sms,mien_bac,0
27,26.4,7,15,670.0,quang_cao,mien_nam,1
37,12.4,14,53,844.0,quang_cao,mien_bac,1
53,14.6,17,68,432.0,email,mien_nam,1
41,48.9,4,285,598.0,email,mien_trung,0
53,11.7,2,47,756.0,sms,mien_nam,0
29,40.9,7,106,465.0,goi_dien,mien_trung,1
26,15.2,10,277,505.0,quang_cao,mien_nam,0
58,47.8,15,237,787.0,quang_cao,mien_trung,1
61,8.6,16,283,320.0,goi_dien,mien_bac,0
40,16.6,5,137,458.0,goi_dien,mien_bac,0
61,49.0,8,304,313.0,goi_dien,mien_nam,0
51,28.1,2,226,773.0,email,mien_trung,0
27,28.4,4,246,436.0,email,mien_nam,0
21,54.3,1,350,479.0,goi_dien,mien_nam,0
66,42.3,2,65,750.0,quang_cao,mien_bac,0
39,54.2,4,289,681.0,quang_cao,mien_nam,0
41,18.3,2,261,831.0,quang_cao,mien_trung,0
61,5.6,20,273,318.0,email,mien_nam,0
68,49.2,11,92,596.0,quang_cao,mien_bac,1
31,52.6,15,328,392.0,quang_cao,mien_bac,0
21,10.2,6,11,808.0,goi_dien,mien_nam,1
41,33.7,5,90,659.0,goi_dien,mien_nam,1
19,43.7,10,244,601.0,email,mien_bac,0
48,19.5,10,154,670.0,quang_cao,mien_trung,0
70,58.0,9,300,448.0,goi_dien,mien_nam,0
21,47.4,15,177,465.0,goi_dien,mien_trung,1
18,28.7,10,194,488.0,sms,mien_trung,0
62,31.6,7,319,754.0,quang_cao,mien_nam,0
21,20.4,16,324,710.0,quang_cao,mien_bac,0
23,38.7,8,279,445.0,email,mien_trung,0
24,47.4,2,265,327.0,quang_cao,mien_trung,0
54,18.3,18,152,842.0,email,mien_trung,1
64,16.5,8,30,832.0,email,mien_nam,1
38,12.7,12,64,383.0,quang_cao,mien_nam,1
35,40.2,6,339,701.0,sms,mien_nam,0
58,49.3,2,341,564.0,email,mien_trung,0
51,13.8,0,281,460.0,quang_cao,mien_trung,0
68,20.4,8,262,455.0,sms,mien_bac,0
24,5.4,10,73,834.0,sms,mien_nam,1
43,21.4,9,75,700.0,goi_dien,mien_nam,1
64,22.6,17,27,460.0,quang_cao,mien_trung,1
54,14.6,3,245,332.0,email,mien_bac,0
32,31.0,14,269,635.0,email,mien_bac,1
19,20.3,3,95,311.0,quang_cao,mien_nam,0
27,35.0,2,160,390.0,sms,mien_bac,0
62,35.2,7,112,373.0,sms,mien_bac,0
46,50.5,8,220,454.0,quang_cao,mien_nam,0
22,54.4,10,289,819.0,email,mien_bac,1
30,44.2,7,52,844.0,quang_cao,mien_nam,1
36,52.4,16,53,775.0,quang_cao,mien_bac,1
61,23.9,2,186,559.0,sms,mien_nam,0
70,9.3,12,121,572.0,quang_cao,mien_bac,1
48,44.0,1,324,321.0,goi_dien,mien_nam,0
37,44.3,8,268,468.0,quang_cao,mien_bac,0
66,16.2,6,8,612.0,goi_dien,mien_nam,1
58,29.3,3,85,840.0,sms,mien_nam,1
56,34.2,2,58,657.0,sms,mien_bac,0
28,51.5,12,257,329.0,quang_cao,mien_nam,0
29,18.9,19,2,546.0,goi_dien,mien_nam,1
18,57.7,0,99,401.0,sms,mien_trung,0
50,23.2,10,107,790.0,goi_dien,mien_trung,1
45,52.3,19,79,833.0,sms,mien_nam,1
61,28.8,17,195,555.0,sms,mien_nam,1
69,37.7,9,320,459.0,sms,mien_nam,0
43,25.9,4,146,587.0,sms,mien_trung,0
22,38.9,17,197,567.0,goi_dien,mien_nam,1
46,15.0,20,212,609.0,email,mien_bac,1
48,43.0,12,247,631.0,goi_dien,mien_bac,1
41,18.1,13,28,686.0,sms,mien_nam,1
43,11.0,17,59,433.0,email,mien_bac,1
39,6.5,2,232,713.0,sms,mien_trung,0
19,23.8,8,7,445.0,sms,mien_bac,1
64,28.5,20,60,676.0,email,mien_nam,1
20,18.1,2,296,798.0,sms,mien_trung,0
59,58.9,3,335,708.0,sms,mien_nam,0
25,27.0,20,225,817.0,sms,mien_bac,1
26,13.5,16,200,597.0,email,mien_trung,1
48,43.7,4,135,703.0,email,mien_nam,1
61,40.7,1,240,534.0,quang_cao,mien_trung,0
35,57.3,12,70,417.0,sms,mien_bac,1
58,8.1,13,94,335.0,email,mien_bac,1
19,37.0,12,290,315.0,email,mien_bac,0
59,35.8,9,276,601.0,email,mien_bac,0
32,33.6,9,303,377.0,sms,mien_trung,0
47,39.8,0,168,842.0,goi_dien,mien_nam,0
,14.5,18,285,609.0,sms,mien_bac,1
42,30.8,5,127,762.0,sms,mien_trung,0
49,12.3,6,360,484.0,sms,mien_trung,0
36,52.5,2,108,614.0,sms,mien_nam,0
31,30.9,14,157,478.0,goi_dien,mien_nam,1
18,50.7,20,245,353.0,email,mien_bac,1
41,26.0,9,50,403.0,goi_dien,mien_bac,1
30,39.7,9,247,555.0,email,mien_bac,0
69,7.3,14,157,331.0,email,mien_nam,1
20,34.0,16,287,827.0,sms,mien_bac,1
65,47.3,9,139,687.0,quang_cao,mien_nam,1
60,43.9,9,70,658.0,sms,mien_nam,1
42,26.0,9,133,849.0,goi_dien,mien_nam,1
33,30.2,15,353,487.0,email,mien_bac,0
30,13.7,1,304,499.0,quang_cao,mien_bac,0
66,9.2,2,313,621.0,goi_dien,mien_trung,0
53,45.6,16,19,570.0,quang_cao,mien_bac,1
47,27.2,16,32,635.0,email,mien_trung,1
68,46.8,11,195,793.0,quang_cao,mien_trung,1
37,9.1,1,228,402.0,email,mien_trung,0
64,45.3,10,197,335.0,sms,mien_trung,0
70,23.6,3,245,687.0,quang_cao,mien_bac,0
37,51.0,12,356,746.0,email,mien_nam,0
64,7.2,1,212,331.0,email,mien_nam,0
26,42.0,17,255,725.0,sms,mien_bac,1
60,45.6,4,56,354.0,goi_dien,mien_bac,1
42,6.9,7,130,482.0,goi_dien,mien_trung,0
53,28.0,18,63,615.0,quang_cao,mien_trung,0
24,4.7,13,210,458.0,sms,mien_trung,0
63,9.6,16,206,592.0,quang_cao,mien_bac,1
48,47.0,4,281,468.0,quang_cao,mien_bac,0
55,,19,284,318.0,sms,mien_nam,0
34,11.1,10,178,781.0,email,mien_bac,1
56,16.7,12,152,739.0,sms,mien_nam,1
45,42.2,19,74,357.0,email,mien_nam,1
45,6.4,3,66,371.0,quang_cao,mien_bac,0
63,12.8,8,175,651.0,quang_cao,mien_nam,0
38,59.1,14,253,551.0,sms,mien_nam,1
41,35.8,10,353,622.0,quang_cao,mien_bac,0
53,19.1,18,364,341.0,sms,mien_nam,0
70,44.4,14,293,714.0,email,mien_bac,1
59,20.9,9,64,317.0,sms,mien_bac,0
25,55.5,11,99,829.0,sms,mien_trung,1
52,15.0,0,31,694.0,goi_dien,mien_trung,1
66,25.7,10,351,445.0,goi_dien,mien_bac,0
60,14.3,15,178,349.0,quang_cao,mien_trung,0
20,10.0,13,135,403.0,sms,mien_nam,1
57,33.1,12,351,733.0,goi_dien,mien_trung,0
49,31.6,9,221,837.0,quang_cao,mien_nam,0
21,40.3,18,83,788.0,quang_cao,mien_bac,1
49,4.4,14,54,318.0,goi_dien,mien_nam,1
55,31.6,16,342,599.0,quang_cao,mien_trung,0
26,27.5,8,324,783.0,quang_cao,mien_nam,0
68,14.9,6,284,356.0,goi_dien,mien_trung,0
44,40.4,15,228,812.0,sms,mien_bac,1
22,38.2,5,95,621.0,email,mien_trung,1
36,21.7,19,158,711.0,goi_dien,mien_trung,1
19,28.3,4,107,366.0,sms,mien_trung,0
31,18.0,16,280,745.0,goi_dien,mien_bac,1
30,25.5,13,239,816.0,email,mien_trung,1
55,55.6,8,208,435.0,email,mien_trung,0
26,52.1,5,103,844.0,sms,mien_nam,1
38,8.3,1,258,338.0,quang_cao,mien_nam,0
27,26.0,19,262,734.0,quang_cao,mien_nam,1
42,10.4,11,15,421.0,email,mien_trung,1
23,19.5,5,99,435.0,sms,mien_trung,0
24,9.5,20,334,454.0,goi_dien,mien_trung,0
47,20.0,1,21,325.0,sms,mien_trung,0
28,14.9,15,350,620.0,email,mien_bac,0
52,19.2,8,14,621.0,quang_cao,mien_nam,1
62,31.0,14,150,515.0,quang_cao,mien_bac,1
32,25.3,6,26,613.0,email,mien_trung,1
50,12.2,7,212,607.0,quang_cao,mien_nam,0
65,26.2,16,32,431.0,sms,mien_bac,1
59,21.0,11,273,473.0,email,mien_nam,0
57,57.7,9,127,389.0,quang_cao,mien_nam,0
33,,4,6,804.0,sms,mien_bac,1
57,14.4,16,265,683.0,sms,mien_nam,1
50,47.9,19,25,603.0,email,mien_bac,1
51,20.3,4,155,661.0,quang_cao,mien_bac,0
57,30.3,8,291,685.0,quang_cao,mien_nam,0
64,33.5,1,61,716.0,goi_dien,mien_trung,1
63,51.6,18,192,676.0,quang_cao,mien_nam,1
67,8.3,13,199,460.0,sms,mien_trung,0
34,21.3,5,209,551.0,goi_dien,mien_trung,0
47,40.4,17,236,505.0,email,mien_nam,1
40,42.8,18,18,466.0,email,mien_bac,1
55,26.7,9,215,343.0,quang_cao,mien_trung,0
43,34.2,10,322,425.0,email,mien_bac,0
46,45.2,14,174,451.0,sms,mien_bac,1
29,36.8,1,87,819.0,quang_cao,mien_trung,0
32,38.1,3,107,449.0,quang_cao,mien_nam,0
19,15.4,18,43,767.0,goi_dien,mien_bac,1
61,54.5,7,308,678.0,email,mien_nam,0
44,30.7,18,46,478.0,goi_dien,mien_nam,1
30,54.0,14,208,554.0,goi_dien,mien_trung,1
66,11.7,17,98,643.0,email,mien_trung,1
24,29.5,5,13,384.0,quang_cao,mien_nam,0
60,56.8,10,244,681.0,email,mien_bac,1
28,21.1,4,70,722.0,sms,mien_bac,1
22,24.2,18,38,439.0,quang_cao,mien_nam,1
67,16.0,18,243,457.0,sms,mien_trung,0
54,31.8,11,3,842.0,quang_cao,mien_trung,1
54,53.7,0,265,385.0,quang_cao,mien_bac,0
29,47.6,8,223,330.0,goi_dien,mien_nam,0
48,15.1,4,321,820.0,email,mien_bac,0
32,22.5,7,167,503.0,quang_cao,mien_trung,0
18,57.8,0,264,705.0,email,mien_nam,0
47,25.2,7,143,584.0,email,mien_trung,0
44,55.9,13,339,565.0,email,mien_trung,0
53,35.3,11,88,302.0,quang_cao,mien_bac,0
49,28.8,17,160,368.0,email,mien_trung,1
32,8.9,11,46,806.0,quang_cao,mien_bac,1
58,46.2,3,221,673.0,goi_dien,mien_bac,0
29,11.3,20,226,737.0,sms,mien_trung,1
44,37.4,4,157,612.0,email,mien_nam,0
67,24.3,19,72,309.0,quang_cao,mien_trung,1
46,46.8,14,157,560.0,sms,mien_nam,1
70,21.4,4,105,678.0,email,mien_trung,0
39,39.4,17,227,358.0,email,mien_trung,1
35,37.9,6,10,394.0,email,mien_nam,1
59,44.3,10,139,591.0,email,mien_nam,1
67,59.7,1,85,551.0,sms,mien_nam,0
,34.9,19,171,754.0,quang_cao,mien_nam,1
36,49.4,11,117,638.0,goi_dien,mien_nam,1
54,25.9,16,276,510.0,goi_dien,mien_nam,1
22,57.2,17,111,482.0,goi_dien,mien_trung,1
66,7.7,19,246,759.0,email,mien_nam,1
47,20.9,1,363,723.0,quang_cao,mien_trung,0
19,33.1,15,56,576.0,sms,mien_trung,1
25,24.8,11,62,699.0,goi_dien,mien_trung,1
48,35.7,9,228,592.0,email,mien_trung,0
60,54.2,14,76,579.0,email,mien_bac,1
44,41.8,12,60,639.0,goi_dien,mien_nam,1
62,21.9,18,251,589.0,email,mien_bac,1
24,55.5,11,56,523.0,quang_cao,mien_nam,1
36,40.2,7,328,525.0,quang_cao,mien_nam,0
31,30.4,1,71,843.0,sms,mien_trung,0
47,14.0,13,185,310.0,sms,mien_bac,0
69,15.7,1,142,611.0,sms,mien_trung,0
22,10.9,12,278,423.0,email,mien_trung,0
39,23.3,8,300,669.0,email,mien_nam,0
64,48.5,3,36,405.0,sms,mien_trung,0
58,5.0,20,305,441.0,quang_cao,mien_bac,0
55,35.1,8,320,674.0,quang_cao,mien_bac,0
61,45.2,0,177,751.0,sms,mien_trung,0
70,27.1,19,75,683.0,goi_dien,mien_bac,1
31,28.6,14,47,818.0,quang_cao,mien_bac,1
52,8.6,19,274,848.0,quang_cao,mien_trung,1
24,23.9,6,68,505.0,sms,mien_trung,0
21,10.9,0,252,391.0,goi_dien,mien_bac,0
66,40.9,11,318,362.0,sms,mien_nam,0
69,22.1,13,181,316.0,sms,mien_trung,0
60,20.9,3,240,684.0,sms,mien_trung,0
43,6.4,8,293,597.0,email,mien_nam,0
37,19.0,8,311,331.0,sms,mien_trung,0
31,25.1,8,171,405.0,quang_cao,mien_bac,0
38,35.3,9,107,610.0,sms,mien_bac,1
70,21.7,5,331,784.0,email,mien_nam,0
22,31.2,7,30,743.0,quang_cao,mien_nam,1
32,41.2,3,43,733.0,quang_cao,mien_bac,1
46,6.3,8,355,461.0,sms,mien_trung,0
37,57.9,7,149,348.0,quang_cao,mien_nam,0
64,21.6,9,53,425.0,email,mien_trung,1
22,7.8,15,205,336.0,sms,mien_trung,0
53,12.4,13,212,564.0,quang_cao,mien_bac,0
54,4.4,6,347,757.0,goi_dien,mien_trung,0
69,55.6,0,350,367.0,quang_cao,mien_bac,0
44,26.6,11,314,541.0,quang_cao,mien_nam,0
32,4.3,15,36,518.0,quang_cao,mien_trung,1
50,51.4,8,246,430.0,quang_cao,mien_nam,0
33,9.6,20,255,540.0,quang_cao,mien_trung,1
56,7.1,12,66,303.0,email,mien_trung,1
56,39.1,7,149,305.0,sms,mien_bac,0
49,23.9,4,175,508.0,email,mien_nam,0
60,53.1,16,82,555.0,email,mien_bac,1
40,41.1,7,185,435.0,email,mien_bac,0
27,46.5,18,88,492.0,goi_dien,mien_nam,1
49,12.2,0,162,554.0,sms,mien_bac,0
32,27.1,1,29,399.0,goi_dien,mien_trung,0
51,22.7,16,167,454.0,goi_dien,mien_bac,1
28,19.5,19,270,664.0,quang_cao,mien_bac,1
32,36.5,2,134,466.0,sms,mien_bac,0
32,35.6,0,31,557.0,quang_cao,mien_nam,0
47,18.8,4,170,571.0,quang_cao,mien_nam,0
56,5.5,7,134,400.0,email,mien_nam,0
27,57.4,20,295,404.0,quang_cao,mien_bac,1
43,13.2,15,295,498.0,quang_cao,mien_bac,0
35,31.6,4,37,581.0,quang_cao,mien_bac,0
50,21.7,14,346,481.0,quang_cao,mien_trung,0
18,19.3,11,174,835.0,goi_dien,mien_trung,1
57,51.8,20,254,400.0,quang_cao,mien_bac,1
32,29.4,16,143,779.0,quang_cao,mien_nam,1
45,12.9,14,258,705.0,goi_dien,mien_nam,1
37,23.0,5,289,625.0,quang_cao,mien_bac,0
47,32.1,8,285,829.0,email,mien_bac,0
52,30.7,18,261,315.0,sms,mien_bac,0
34,58.7,13,146,330.0,sms,mien_nam,1
36,48.1,17,223,662.0,email,mien_trung,1
39,49.5,0,323,758.0,quang_cao,mien_nam,0
53,6.5,0,183,508.0,quang_cao,mien_nam,0
46,50.9,16,290,532.0,email,mien_bac,1
21,48.6,4,128,719.0,quang_cao,mien_bac,0
60,25.9,1,362,624.0,quang_cao,mien_nam,0
66,43.6,6,310,620.0,email,mien_nam,0
27,50.4,2,57,833.0,sms,mien_nam,1
33,45.8,9,98,449.0,sms,mien_bac,1
63,52.2,2,225,721.0,quang_cao,mien_bac,0
70,56.5,4,17,541.0,sms,mien_nam,1
19,52.2,2,50,527.0,quang_cao,mien_nam,0
38,59.3,0,22,323.0,quang_cao,mien_bac,0
36,34.2,17,312,703.0,quang_cao,mien_nam,1
64,40.1,13,178,610.0,goi_dien,mien_nam,1
42,58.7,0,189,771.0,sms,mien_nam,0
56,31.7,18,66,474.0,email,mien_bac,1
56,21.8,5,290,490.0,quang_cao,mien_trung,0
22,7.2,12,33,417.0,sms,mien_nam,1
60,50.4,7,12,441.0,email,mien_trung,1
37,21.9,12,321,807.0,email,mien_trung,0
,45.6,12,22,306.0,goi_dien,mien_bac,1
69,15.6,20,244,447.0,email,mien_trung,1
42,15.7,1,99,450.0,sms,mien_nam,0
26,48.9,12,87,645.0,quang_cao,mien_trung,1
54,36.2,12,362,365.0,email,mien_trung,0
70,51.4,8,253,339.0,quang_cao,mien_bac,0
63,10.3,8,10,645.0,quang_cao,mien_bac,1
35,11.8,20,281,843.0,goi_dien,mien_trung,1
56,6.0,4,92,614.0,quang_cao,mien_bac,0
70,4.2,7,93,608.0,goi_dien,mien_bac,1
46,47.9,6,81,771.0,goi_dien,mien_bac,1
56,26.6,17,202,773.0,sms,mien_bac,1
48,33.7,0,165,847.0,sms,mien_bac,0
27,21.8,16,62,601.0,quang_cao,mien_trung,1
38,47.3,12,300,301.0,sms,mien_trung,0
23,15.7,19,100,454.0,quang_cao,mien_nam,1
48,54.6,20,300,848.0,email,mien_bac,1
63,48.2,5,75,693.0,email,mien_nam,1
26,21.0,15,105,484.0,sms,mien_trung,1
28,15.1,6,130,729.0,goi_dien,mien_nam,1
20,36.0,9,168,360.0,quang_cao,mien_bac,0
24,11.6,11,348,437.0,email,mien_bac,0
18,45.7,1,326,642.0,email,mien_bac,0
59,20.7,1,39,384.0,goi_dien,mien_trung,0
29,36.0,4,134,306.0,goi_dien,mien_nam,0
25,30.2,0,230,398.0,quang_cao,,0
48,36.8,8,332,447.0,email,mien_bac,0
69,58.2,3,337,775.0,goi_dien,mien_trung,0
25,39.6,13,296,850.0,email,mien_trung,1
21,19.8,10,288,409.0,sms,mien_bac,0
32,33.0,13,12,730.0,sms,mien_trung,1
65,54.0,0,97,533.0,quang_cao,mien_bac,0
47,8.5,2,285,315.0,goi_dien,mien_bac,0
70,57.5,12,177,820.0,email,mien_trung,1
55,34.6,4,26,688.0,quang_cao,mien_nam,1
51,48.9,19,309,536.0,email,mien_nam,1
56,7.7,12,240,512.0,goi_dien,mien_nam,0
66,54.3,1,95,550.0,goi_dien,mien_nam,0
49,39.2,0,267,395.0,goi_dien,mien_nam,0
51,52.1,16,347,409.0,sms,mien_trung,0
67,6.8,6,232,555.0,quang_cao,mien_trung,0
62,10.1,16,152,655.0,goi_dien,mien_trung,1
48,56.6,4,91,710.0,quang_cao,mien_trung,0
69,33.6,14,33,582.0,sms,mien_bac,1
54,52.3,2,189,495.0,sms,mien_nam,0
44,22.5,7,112,648.0,quang_cao,mien_trung,1
28,34.6,2,337,439.0,sms,mien_nam,0
36,32.4,12,75,784.0,quang_cao,mien_nam,1
46,39.8,4,47,771.0,sms,mien_nam,1
21,6.8,3,346,412.0,goi_dien,mien_bac,0
51,9.4,15,298,510.0,goi_dien,mien_nam,0
49,58.1,10,61,676.0,goi_dien,mien_trung,1
34,4.3,3,58,780.0,sms,mien_nam,1
70,45.3,12,289,646.0,goi_dien,mien_nam,1
35,18.2,6,148,388.0,email,mien_trung,0
55,31.9,2,197,708.0,goi_dien,mien_trung,0
27,48.9,0,333,312.0,email,mien_bac,0
55,53.8,5,92,583.0,quang_cao,mien_nam,0
30,36.0,7,270,780.0,quang_cao,mien_nam,0
40,19.6,15,96,519.0,quang_cao,mien_nam,1
44,21.3,18,54,312.0,quang_cao,mien_bac,1
19,39.0,15,244,806.0,quang_cao,mien_bac,1
27,18.5,18,342,678.0,goi_dien,mien_bac,1
62,38.8,15,282,535.0,sms,mien_trung,0
50,24.2,13,353,619.0,sms,mien_trung,1
42,15.2,17,,836.0,goi_dien,mien_trung,1
44,41.3,14,334,599.0,email,mien_bac,0
52,31.4,0,214,698.0,quang_cao,mien_trung,0
44,25.9,13,123,302.0,sms,mien_bac,1
25,40.2,18,98,474.0,goi_dien,mien_nam,1
31,31.3,19,344,805.0,sms,mien_nam,1
34,26.0,5,249,548.0,goi_dien,mien_bac,0
55,40.4,15,351,838.0,goi_dien,mien_bac,1
34,17.1,6,38,634.0,goi_dien,mien_nam,1
29,16.6,15,20,755.0,goi_dien,mien_bac,1
43,55.4,15,,501.0,email,mien_trung,0
28,23.1,0,297,803.0,quang_cao,mien_trung,0
69,42.5,1,96,443.0,email,mien_trung,0
19,12.2,3,30,484.0,email,mien_bac,0
58,59.9,11,243,507.0,quang_cao,mien_nam,0
19,20.1,5,197,568.0,quang_cao,mien_bac,0
27,8.2,3,241,835.0,goi_dien,mien_nam,0
35,22.9,1,275,758.0,sms,mien_trung,0
51,50.5,7,201,373.0,sms,mien_trung,0
56,12.2,14,307,706.0,quang_cao,mien_trung,0
65,39.1,0,69,372.0,sms,mien_bac,0
43,32.1,2,228,563.0,email,mien_nam,0
62,26.9,4,148,733.0,email,mien_bac,0
53,8.8,1,63,787.0,quang_cao,mien_bac,0
55,38.2,19,27,638.0,email,mien_nam,1
52,49.6,15,339,766.0,goi_dien,mien_bac,1
58,54.8,20,20,847.0,sms,mien_trung,1
35,53.8,10,136,793.0,email,mien_nam,1
31,55.2,20,354,641.0,goi_dien,mien_trung,0
62,15.5,17,61,704.0,goi_dien,mien_bac,1
60,39.6,3,189,613.0,goi_dien,mien_trung,0
48,11.0,18,182,442.0,email,mien_nam,1
18,34.4,4,194,361.0,sms,mien_trung,0
67,48.1,13,108,304.0,sms,mien_bac,1
56,40.1,7,342,584.0,quang_cao,mien_nam,0
58,37.6,16,338,727.0,email,mien_bac,1
43,34.7,9,171,445.0,sms,mien_trung,0
28,44.0,0,204,493.0,goi_dien,mien_trung,0
57,20.7,2,206,808.0,quang_cao,mien_nam,0
56,41.9,11,156,655.0,email,mien_trung,1
27,24.9,1,78,661.0,sms,mien_nam,0
49,37.5,12,106,764.0,goi_dien,mien_bac,1
24,47.9,20,164,578.0,goi_dien,mien_bac,0
32,5.1,3,32,609.0,email,mien_nam,0
58,13.7,8,364,377.0,quang_cao,mien_bac,0
19,19.8,19,296,847.0,goi_dien,mien_trung,1
69,22.8,14,76,,email,mien_trung,1
65,32.0,5,296,560.0,goi_dien,mien_bac,0
52,53.7,5,323,533.0,goi_dien,mien_bac,0
54,7.7,3,245,557.0,sms,mien_nam,0
66,58.2,5,250,634.0,sms,mien_nam,0
19,16.4,4,236,354.0,email,mien_trung,0
62,58.2,9,211,727.0,quang_cao,mien_nam,1
23,53.8,8,263,515.0,sms,mien_nam,0
26,34.6,17,242,339.0,quang_cao,mien_bac,0
59,59.8,0,287,496.0,quang_cao,mien_nam,0
21,24.5,15,43,629.0,quang_cao,mien_bac,1
59,59.8,1,270,662.0,email,mien_trung,0
29,37.1,16,64,603.0,goi_dien,mien_bac,1
34,32.3,4,10,582.0,sms,mien_bac,1
36,50.9,2,290,746.0,goi_dien,mien_nam,0
28,15.3,0,231,573.0,quang_cao,mien_nam,0
51,23.0,12,352,579.0,email,mien_bac,0
24,39.0,11,85,768.0,email,mien_nam,1
19,55.2,17,189,449.0,email,mien_nam,1
46,30.3,18,98,830.0,goi_dien,mien_nam,0
47,12.7,1,132,357.0,sms,mien_bac,0
42,22.6,15,276,405.0,goi_dien,mien_bac,0
68,43.7,3,105,611.0,goi_dien,mien_trung,0
31,29.0,9,225,735.0,goi_dien,mien_bac,1
34,7.6,17,213,304.0,goi_dien,mien_bac,1
22,47.8,9,330,470.0,email,mien_bac,0
48,42.8,19,64,471.0,quang_cao,mien_trung,1
18,14.6,8,82,357.0,email,mien_trung,0
38,8.1,9,296,301.0,email,mien_nam,0
47,47.9,18,85,322.0,goi_dien,mien_nam,1
21,21.7,16,252,845.0,goi_dien,mien_bac,1
54,57.4,17,58,453.0,goi_dien,mien_bac,1
65,9.9,6,182,517.0,goi_dien,mien_trung,0
35,34.2,5,193,572.0,goi_dien,mien_bac,0
23,15.8,19,54,488.0,goi_dien,mien_trung,0
33,43.4,3,25,569.0,email,mien_bac,1
18,40.8,14,283,796.0,sms,mien_trung,1
60,19.9,11,304,673.0,quang_cao,mien_nam,0
57,15.2,3,55,820.0,goi_dien,mien_nam,1
58,25.9,8,173,466.0,goi_dien,mien_bac,0
34,26.2,3,334,468.0,quang_cao,mien_trung,0
37,43.5,12,208,732.0,goi_dien,mien_trung,1
63,44.8,5,310,510.0,sms,mien_bac,0
22,35.2,2,240,802.0,goi_dien,mien_bac,0
66,25.1,16,358,333.0,quang_cao,mien_nam,0
37,5.2,6,94,474.0,sms,mien_nam,0
62,21.3,1,146,682.0,goi_dien,mien_trung,0
33,52.5,16,198,341.0,email,mien_trung,1
45,56.2,20,92,380.0,quang_cao,mien_bac,1
50,16.9,,351,359.0,sms,mien_nam,0
36,53.1,3,59,681.0,goi_dien,mien_bac,0
20,25.6,2,85,485.0,quang_cao,mien_trung,0
61,11.2,12,98,345.0,sms,mien_nam,1
28,28.4,19,352,318.0,sms,mien_trung,0
46,32.4,4,106,607.0,goi_dien,mien_bac,1
44,23.0,8,2,378.0,sms,mien_nam,1
41,9.4,3,216,357.0,email,mien_nam,0
68,39.6,13,100,832.0,quang_cao,mien_trung,1
36,48.6,2,292,757.0,sms,mien_nam,1
62,10.7,16,89,371.0,sms,mien_bac,1
26,11.7,19,127,551.0,sms,mien_trung,1
61,39.3,0,248,749.0,sms,mien_trung,0
45,36.6,2,49,829.0,quang_cao,mien_trung,1
59,31.1,16,330,802.0,quang_cao,mien_bac,0
20,41.5,8,153,416.0,goi_dien,mien_trung,0
40,56.4,10,353,513.0,goi_dien,mien_trung,1
19,59.7,13,171,517.0,quang_cao,mien_bac,1
37,8.9,0,272,663.0,sms,mien_bac,0
67,50.2,7,299,317.0,sms,mien_bac,0
60,46.8,1,168,576.0,goi_dien,mien_trung,0
49,16.7,6,270,579.0,quang_cao,mien_bac,0
47,25.8,2,350,324.0,quang_cao,mien_bac,0
62,53.9,11,183,342.0,sms,mien_nam,0
28,9.2,14,117,777.0,email,,1
34,22.2,2,171,591.0,quang_cao,mien_bac,0
67,15.1,1,329,545.0,goi_dien,mien_nam,0
34,9.7,20,215,477.0,quang_cao,mien_bac,1
53,23.5,20,274,825.0,goi_dien,mien_bac,1
66,8.1,4,154,633.0,goi_dien,mien_nam,0
52,14.0,19,195,469.0,quang_cao,mien_trung,0
59,56.8,15,20,695.0,sms,mien_trung,1
50,30.3,19,82,465.0,quang_cao,mien_nam,1
52,9.0,6,181,403.0,goi_dien,mien_nam,0
28,50.9,16,157,738.0,email,mien_nam,1
69,5.9,19,76,617.0,email,,1
62,50.6,3,108,361.0,email,mien_bac,0
42,48.5,16,143,686.0,quang_cao,mien_trung,1
23,37.2,1,335,537.0,goi_dien,mien_trung,0
38,5.9,14,80,708.0,sms,mien_nam,1
25,30.8,17,267,526.0,email,mien_bac,1
60,42.8,19,207,796.0,email,mien_nam,1
27,29.2,9,203,753.0,goi_dien,mien_bac,1
50,36.2,17,142,430.0,email,,1
45,26.7,19,274,722.0,quang_cao,mien_nam,1
47,36.1,17,354,779.0,goi_dien,mien_trung,1
47,13.0,17,56,844.0,sms,mien_bac,1
33,25.4,20,256,315.0,goi_dien,mien_trung,1
25,10.3,18,251,794.0,sms,mien_nam,1
30,57.4,20,80,363.0,goi_dien,mien_trung,1
28,48.4,3,248,625.0,email,mien_bac,0
61,40.9,12,319,668.0,quang_cao,mien_trung,0
68,7.4,2,31,723.0,email,mien_nam,1
21,8.7,10,193,321.0,email,mien_trung,0
45,44.6,12,162,421.0,email,mien_bac,1
31,21.1,4,60,694.0,sms,mien_trung,0
63,45.7,14,137,669.0,email,mien_bac,1
49,52.1,13,124,365.0,email,mien_bac,1
65,40.9,6,83,405.0,goi_dien,mien_nam,1
48,43.9,20,10,725.0,email,mien_bac,1
66,40.3,1,273,652.0,quang_cao,mien_nam,0
68,22.9,5,277,850.0,email,mien_trung,0
22,44.6,5,99,689.0,sms,mien_trung,0
67,43.0,15,77,830.0,sms,mien_bac,1
58,34.9,2,185,377.0,email,mien_trung,0
65,60.0,3,236,743.0,email,mien_bac,0
46,56.0,6,123,627.0,goi_dien,mien_bac,1
25,27.3,14,292,791.0,email,mien_nam,1
35,9.8,2,79,358.0,goi_dien,mien_bac,0
64,22.4,3,20,377.0,email,mien_trung,0
61,5.1,20,43,741.0,email,mien_nam,1
46,54.2,6,176,406.0,quang_cao,mien_nam,0
32,29.0,11,295,448.0,goi_dien,mien_nam,0
19,55.1,19,49,577.0,sms,mien_nam,1
21,45.9,17,293,667.0,quang_cao,mien_trung,1
33,22.2,7,240,693.0,goi_dien,mien_trung,0
33,36.5,12,107,701.0,goi_dien,mien_trung,1
48,36.6,15,283,425.0,goi_dien,mien_trung,0
45,49.9,14,277,325.0,quang_cao,mien_bac,0
46,36.4,6,81,766.0,goi_dien,mien_trung,1
51,32.6,20,237,346.0,email,mien_trung,1
62,31.4,11,163,826.0,sms,mien_nam,1
57,49.9,19,318,830.0,goi_dien,mien_nam,1
25,50.0,17,208,811.0,sms,mien_bac,1
53,12.0,12,191,467.0,quang_cao,mien_nam,0
18,29.3,15,186,657.0,quang_cao,mien_bac,1
24,55.9,12,59,544.0,quang_cao,mien_bac,1
64,56.3,11,120,565.0,sms,mien_bac,1
52,42.2,2,183,733.0,email,mien_bac,0
27,10.7,6,119,602.0,quang_cao,mien_trung,0
20,35.3,19,219,663.0,sms,mien_trung,1
55,25.6,13,110,814.0,quang_cao,mien_trung,1
28,5.7,11,107,747.0,email,mien_nam,1
67,29.5,13,274,772.0,goi_dien,mien_nam,1
18,29.2,0,126,750.0,sms,mien_nam,0
42,27.7,6,70,412.0,email,mien_nam,0
40,47.9,16,298,620.0,goi_dien,mien_bac,1
25,21.9,3,90,801.0,sms,mien_nam,1
53,55.7,13,105,789.0,sms,mien_trung,1
19,18.2,5,19,404.0,sms,mien_nam,0
49,21.9,13,173,726.0,sms,mien_nam,1
19,34.5,20,291,379.0,quang_cao,mien_nam,0
42,6.5,2,69,830.0,quang_cao,mien_trung,0
23,57.9,7,231,684.0,quang_cao,mien_nam,0
46,31.1,17,101,409.0,goi_dien,mien_nam,1
54,44.2,15,37,669.0,sms,mien_nam,1
67,51.9,3,50,752.0,email,mien_nam,1
27,32.5,2,158,595.0,goi_dien,mien_trung,0
20,22.2,2,357,632.0,goi_dien,mien_nam,0
69,11.0,10,266,759.0,sms,mien_bac,0
57,47.3,2,353,430.0,goi_dien,mien_trung,0
49,34.3,2,69,447.0,sms,mien_bac,0
18,12.3,5,4,766.0,sms,mien_trung,1
67,36.4,15,348,307.0,goi_dien,mien_nam,0
43,21.1,18,63,487.0,goi_dien,mien_trung,1
56,7.5,16,212,323.0,sms,mien_nam,0
61,32.0,11,139,444.0,quang_cao,mien_trung,0
47,27.8,3,334,451.0,email,mien_trung,0
69,6.6,3,114,520.0,quang_cao,mien_bac,0
33,5.1,2,243,393.0,goi_dien,mien_nam,0
51,22.5,2,142,671.0,goi_dien,mien_trung,0
22,53.0,16,320,744.0,sms,mien_nam,1
65,19.4,19,364,403.0,email,mien_bac,0
65,57.2,6,322,433.0,goi_dien,mien_trung,0
54,24.3,3,273,477.0,quang_cao,mien_nam,0
69,23.3,15,129,843.0,email,mien_trung,1
20,10.6,19,66,607.0,goi_dien,mien_trung,1
30,21.4,1,198,775.0,email,mien_nam,0
19,21.4,11,212,797.0,sms,mien_trung,1
39,39.1,5,317,791.0,sms,mien_bac,0
48,53.8,11,138,558.0,sms,mien_trung,1
54,35.2,20,81,363.0,goi_dien,mien_bac,1
21,8.3,14,113,507.0,email,mien_nam,1
41,46.6,3,215,366.0,sms,mien_nam,0
67,32.3,16,105,652.0,email,mien_nam,1
26,24.6,6,347,350.0,sms,mien_nam,0
32,45.8,6,80,592.0,goi_dien,mien_bac,1
53,48.4,2,152,786.0,sms,mien_nam,0
49,15.3,19,218,832.0,quang_cao,mien_trung,1
62,4.6,18,90,365.0,email,mien_bac,1
62,48.8,11,182,784.0,email,mien_nam,1
49,48.0,5,244,351.0,email,mien_nam,0
29,12.7,11,90,783.0,quang_cao,mien_nam,1
29,20.8,1,205,790.0,quang_cao,mien_bac,0
19,20.8,20,146,591.0,quang_cao,mien_trung,1
25,4.1,20,84,612.0,sms,mien_trung,1
67,43.8,13,293,534.0,email,mien_bac,0
30,38.4,17,265,510.0,sms,mien_bac,1
58,52.6,12,288,677.0,quang_cao,mien_trung,0
66,48.0,6,128,741.0,sms,mien_nam,1
36,53.0,17,204,838.0,sms,mien_bac,1
27,58.4,3,111,509.0,email,mien_bac,0
56,14.9,9,253,620.0,email,mien_nam,0
34,39.7,2,53,446.0,quang_cao,mien_bac,0
50,55.1,15,8,761.0,sms,mien_trung,1
40,38.9,8,145,607.0,email,mien_bac,1
33,34.4,8,352,825.0,goi_dien,mien_trung,0
29,59.2,8,255,652.0,quang_cao,mien_trung,0
18,12.7,18,174,754.0,email,mien_trung,1
26,8.9,13,13,507.0,quang_cao,mien_nam,1
39,41.8,2,169,330.0,goi_dien,mien_trung,0
65,29.1,8,63,342.0,email,mien_bac,1
21,15.8,17,6,848.0,sms,mien_bac,1
58,36.3,0,365,549.0,email,mien_trung,0
57,53.9,7,305,520.0,quang_cao,mien_bac,0
28,41.2,20,6,744.0,goi_dien,mien_trung,1
41,46.2,7,269,790.0,quang_cao,mien_nam,0
54,39.4,2,345,316.0,sms,mien_bac,0
35,21.1,16,134,796.0,email,mien_bac,1
24,9.5,15,12,842.0,quang_cao,mien_nam,1
25,6.5,0,171,790.0,goi_dien,mien_trung,0
53,54.8,14,236,449.0,goi_dien,mien_bac,1
67,28.9,16,298,581.0,goi_dien,mien_bac,1
37,39.9,3,301,494.0,email,mien_bac,0
18,43.8,14,267,750.0,sms,mien_nam,1
36,33.3,18,283,670.0,goi_dien,mien_nam,1
19,57.9,10,363,779.0,quang_cao,mien_trung,0
34,49.8,19,98,571.0,sms,mien_trung,1
22,52.9,4,289,662.0,email,mien_trung,0
31,22.2,14,49,489.0,goi_dien,mien_nam,1
30,55.9,17,23,640.0,quang_cao,mien_bac,1
48,18.1,9,219,746.0,sms,mien_nam,0
35,54.7,16,96,512.0,sms,mien_trung,1
57,47.0,19,272,642.0,quang_cao,mien_nam,1
23,54.8,17,326,704.0,email,mien_trung,1
29,50.7,13,258,406.0,quang_cao,mien_bac,0
49,53.9,12,99,415.0,goi_dien,mien_trung,1
42,53.8,0,,718.0,email,mien_nam,1
62,45.2,11,290,668.0,goi_dien,mien_nam,1
50,32.6,16,92,818.0,goi_dien,mien_nam,1
33,34.6,18,25,698.0,goi_dien,mien_bac,1
33,54.7,18,205,303.0,goi_dien,mien_nam,1
25,55.2,17,361,530.0,goi_dien,mien_bac,0
22,48.2,17,352,850.0,goi_dien,mien_nam,1
62,15.9,10,146,585.0,goi_dien,mien_nam,1
22,54.1,12,317,657.0,email,mien_nam,0
41,4.3,9,120,301.0,goi_dien,mien_trung,0
39,59.2,5,325,478.0,sms,mien_nam,0
69,30.6,10,207,606.0,quang_cao,mien_trung,0
46,54.5,20,146,818.0,goi_dien,mien_nam,1
66,27.3,13,342,327.0,sms,mien_trung,0
26,47.1,10,356,615.0,sms,mien_nam,0
29,58.4,12,160,693.0,goi_dien,mien_bac,1
46,26.4,10,244,484.0,goi_dien,mien_trung,0
47,40.9,9,344,772.0,quang_cao,mien_trung,0
66,12.1,10,158,826.0,email,mien_nam,1
43,20.9,18,359,767.0,email,mien_bac,1
38,22.8,17,142,771.0,quang_cao,mien_nam,1
26,36.8,4,76,353.0,goi_dien,mien_nam,0
21,31.2,14,187,740.0,email,mien_nam,1
39,20.0,6,11,704.0,quang_cao,mien_bac,1
23,49.9,5,59,377.0,goi_dien,mien_trung,1
54,26.3,19,96,715.0,quang_cao,mien_nam,1
41,20.2,18,49,503.0,goi_dien,mien_trung,1
22,32.2,5,88,326.0,goi_dien,mien_nam,0
34,42.7,12,334,681.0,quang_cao,mien_bac,0
54,26.3,14,284,840.0,email,mien_bac,1
24,23.2,6,24,530.0,quang_cao,mien_nam,1
64,40.0,17,225,627.0,email,mien_trung,1
59,13.4,13,317,595.0,quang_cao,mien_nam,0
24,59.5,3,284,759.0,email,mien_bac,0
33,45.2,14,116,636.0,quang_cao,mien_nam,1
29,19.7,10,169,388.0,quang_cao,mien_trung,0
33,31.5,7,116,453.0,email,mien_trung,0
32,23.8,4,18,522.0,sms,mien_bac,0
34,15.1,4,172,337.0,sms,mien_bac,0
57,16.4,5,135,760.0,quang_cao,mien_bac,0
48,46.3,1,300,381.0,quang_cao,mien_bac,0
30,31.5,12,57,793.0,goi_dien,mien_nam,1
31,32.7,2,261,360.0,email,mien_bac,0
63,40.8,7,82,731.0,quang_cao,mien_trung,1
54,35.4,18,35,806.0,sms,mien_trung,1
62,46.9,10,97,437.0,sms,mien_bac,1
21,41.7,16,127,612.0,quang_cao,mien_nam,1
50,29.4,16,115,621.0,goi_dien,mien_trung,1
52,24.9,11,255,511.0,quang_cao,mien_trung,0
55,56.2,8,74,,quang_cao,mien_trung,0
36,32.4,19,187,369.0,sms,mien_trung,1
46,37.4,16,81,510.0,email,mien_nam,1
39,21.1,13,203,706.0,sms,mien_trung,1
43,34.3,1,207,314.0,goi_dien,mien_nam,0
56,49.9,13,31,300.0,goi_dien,mien_bac,1
40,30.5,10,212,668.0,quang_cao,mien_nam,0
46,59.0,12,150,669.0,email,mien_trung,1
66,56.5,10,123,536.0,email,mien_bac,1
29,5.4,7,301,479.0,goi_dien,mien_bac,0
38,59.1,8,336,733.0,,mien_bac,0
51,56.4,11,345,561.0,quang_cao,mien_nam,0
45,45.2,13,176,596.0,quang_cao,mien_trung,1
57,5.0,0,325,677.0,sms,mien_nam,0
55,7.5,5,326,817.0,goi_dien,mien_bac,0
70,11.9,2,141,692.0,sms,mien_trung,0
23,33.2,5,260,768.0,sms,mien_nam,0
60,34.8,20,196,304.0,goi_dien,mien_bac,1
21,58.0,10,188,789.0,quang_cao,mien_trung,1
25,46.7,4,217,593.0,email,mien_bac,0
25,31.2,16,104,349.0,quang_cao,mien_trung,1
27,4.3,13,329,361.0,goi_dien,mien_nam,0
70,22.8,13,242,565.0,sms,mien_bac,0
36,10.6,3,184,600.0,goi_dien,mien_trung,0
62,47.5,12,57,335.0,goi_dien,mien_trung,1
52,17.1,4,303,535.0,email,mien_trung,0
43,24.3,16,156,633.0,quang_cao,mien_trung,1
63,42.1,13,276,570.0,sms,mien_bac,0
37,12.2,0,93,308.0,goi_dien,mien_nam,0
43,8.7,16,44,402.0,goi_dien,mien_nam,1
70,9.0,15,143,452.0,email,mien_bac,1
31,48.2,4,230,571.0,sms,mien_trung,0
40,58.3,11,353,814.0,goi_dien,mien_nam,1
18,48.8,9,136,844.0,goi_dien,mien_trung,1
27,44.2,7,237,702.0,email,mien_bac,0
51,54.8,8,154,464.0,goi_dien,mien_nam,1
65,37.3,19,111,390.0,sms,mien_bac,1
54,12.8,3,125,750.0,goi_dien,mien_bac,0
35,35.0,16,121,511.0,goi_dien,,1
62,7.7,10,50,628.0,quang_cao,mien_trung,1
32,28.9,10,252,791.0,goi_dien,mien_nam,1
38,41.5,12,272,492.0,email,mien_bac,0
58,36.5,17,298,813.0,quang_cao,mien_nam,1
18,32.3,3,362,826.0,quang_cao,mien_trung,0
55,7.3,2,351,523.0,email,mien_nam,0
18,43.0,2,49,306.0,sms,mien_nam,0
24,33.3,8,320,391.0,sms,mien_trung,0
35,42.4,2,209,726.0,goi_dien,mien_bac,0
63,4.2,11,241,813.0,sms,mien_bac,0
47,15.1,3,82,840.0,sms,mien_bac,1
66,38.0,3,4,447.0,goi_dien,mien_trung,1
58,52.6,18,253,533.0,email,mien_trung,1
20,39.8,4,347,383.0,sms,mien_trung,0
39,14.5,2,293,752.0,quang_cao,mien_nam,0
68,31.1,18,67,307.0,goi_dien,mien_bac,1
60,25.6,1,191,689.0,sms,mien_bac,0
56,32.8,6,108,372.0,sms,mien_bac,0
58,12.0,4,267,471.0,email,mien_trung,0
23,57.8,16,59,832.0,email,mien_bac,1
24,39.5,14,319,754.0,email,mien_bac,1
60,15.4,1,338,712.0,email,mien_trung,0
65,43.8,4,323,411.0,quang_cao,mien_bac,0
65,17.1,3,327,381.0,goi_dien,mien_nam,0
55,48.1,14,97,372.0,quang_cao,mien_trung,1
49,9.7,1,14,340.0,sms,mien_bac,0
30,48.0,2,115,670.0,email,mien_nam,0
56,17.4,3,301,419.0,goi_dien,mien_bac,0
69,44.1,3,133,824.0,email,mien_nam,1
67,57.9,2,73,662.0,sms,mien_trung,0
45,20.1,3,17,624.0,goi_dien,mien_trung,1
21,24.7,8,77,459.0,sms,mien_trung,0
57,8.3,5,278,525.0,sms,mien_bac,0
22,21.2,18,109,662.0,email,mien_trung,1
22,39.9,8,99,586.0,quang_cao,mien_nam,1
58,21.8,17,348,561.0,quang_cao,mien_trung,0
56,5.1,16,295,665.0,email,mien_trung,0
53,5.2,18,39,764.0,quang_cao,mien_nam,1
52,21.1,17,202,314.0,goi_dien,mien_bac,1
32,21.7,3,345,840.0,email,mien_bac,0
39,59.8,9,337,554.0,goi_dien,mien_trung,0
53,42.9,9,97,491.0,goi_dien,mien_trung,1
69,50.2,9,275,571.0,email,mien_bac,0
60,4.7,4,48,670.0,quang_cao,mien_trung,0
67,37.9,14,163,460.0,quang_cao,mien_bac,1
65,9.8,6,75,654.0,goi_dien,mien_trung,1
19,45.3,15,239,710.0,sms,mien_bac,1
34,20.3,9,290,814.0,quang_cao,mien_nam,0
63,33.8,15,293,320.0,goi_dien,mien_nam,1
64,10.8,11,307,819.0,email,mien_nam,0
48,11.0,6,282,684.0,email,mien_bac,0
38,12.3,8,30,642.0,sms,mien_nam,1
61,55.9,19,155,804.0,quang_cao,mien_bac,1
49,17.4,2,184,536.0,goi_dien,mien_nam,0
54,11.2,14,228,407.0,email,mien_nam,0
68,10.3,5,177,356.0,sms,mien_trung,0
20,8.9,13,69,499.0,email,mien_bac,1
35,9.3,1,319,583.0,email,mien_nam,1
29,5.5,12,74,376.0,goi_dien,mien_trung,1
69,49.6,2,304,304.0,quang_cao,mien_nam,0
43,16.2,14,9,491.0,goi_dien,mien_trung,1
68,14.3,13,316,526.0,email,mien_nam,0
43,52.5,4,340,394.0,sms,mien_trung,0
37,32.5,5,297,499.0,email,mien_bac,0
26,16.2,11,37,657.0,email,mien_nam,1
55,8.3,15,270,581.0,email,mien_nam,0
48,10.1,3,330,605.0,sms,mien_trung,0
23,45.5,7,362,464.0,quang_cao,mien_trung,0
49,55.9,7,102,584.0,sms,mien_trung,1
19,49.0,8,11,796.0,goi_dien,mien_nam,1
23,57.6,19,113,516.0,email,mien_nam,1
66,36.2,9,6,398.0,sms,mien_trung,1
70,21.7,3,282,454.0,quang_cao,mien_bac,0
63,51.4,15,340,423.0,email,mien_nam,0
58,32.1,18,127,311.0,quang_cao,mien_trung,1
53,11.1,11,163,743.0,email,mien_bac,1
70,23.5,11,207,831.0,quang_cao,mien_nam,1
70,5.2,13,71,790.0,email,mien_bac,1
52,9.0,16,102,834.0,sms,mien_nam,1
52,37.3,2,305,340.0,goi_dien,mien_trung,0
44,16.5,11,258,436.0,email,mien_nam,0
67,8.3,1,,571.0,email,mien_nam,0
65,36.9,19,179,559.0,quang_cao,mien_nam,1
55,31.5,3,361,669.0,sms,mien_bac,0
35,12.8,6,10,762.0,email,mien_nam,1
60,50.4,7,16,748.0,quang_cao,mien_bac,1
64,42.0,19,277,767.0,goi_dien,mien_trung,1
55,29.1,11,235,443.0,goi_dien,mien_bac,0
47,30.9,9,83,794.0,sms,mien_trung,1
43,7.1,17,124,354.0,goi_dien,mien_trung,1
52,37.7,12,277,522.0,goi_dien,mien_bac,0
33,4.6,17,92,306.0,email,mien_bac,1
51,45.8,2,345,777.0,email,,0
62,19.9,17,295,518.0,sms,mien_trung,0
55,35.2,2,114,516.0,quang_cao,mien_bac,0
53,23.3,6,198,317.0,quang_cao,mien_bac,0
37,20.5,4,16,310.0,sms,mien_bac,0
65,35.3,10,265,407.0,quang_cao,mien_bac,0
69,11.8,16,23,787.0,email,mien_trung,1
56,15.2,2,352,625.0,email,mien_trung,0
58,53.6,17,245,494.0,email,mien_trung,1
50,19.8,15,251,483.0,goi_dien,mien_bac,1
66,29.3,17,262,534.0,quang_cao,mien_trung,0
49,14.6,15,324,638.0,sms,mien_nam,0
30,26.5,20,87,797.0,quang_cao,mien_trung,1
69,17.3,8,24,683.0,email,mien_nam,1
41,18.2,14,185,465.0,goi_dien,mien_bac,1
68,32.1,16,67,691.0,email,mien_trung,1
34,16.9,17,85,306.0,email,mien_nam,1
37,36.2,0,13,334.0,goi_dien,mien_bac,0
68,6.7,3,252,433.0,sms,mien_nam,0
46,49.2,18,256,678.0,quang_cao,mien_nam,1
50,28.7,0,115,431.0,email,mien_nam,0
41,31.3,2,108,407.0,quang_cao,mien_trung,0
24,34.6,16,255,358.0,email,mien_bac,0
22,33.7,7,183,583.0,goi_dien,mien_nam,1
26,53.7,4,138,474.0,sms,mien_trung,0
38,52.9,18,336,604.0,sms,mien_nam,1
57,51.0,0,214,603.0,email,mien_nam,0
41,4.4,19,273,716.0,sms,mien_nam,1
49,10.7,17,56,398.0,email,mien_nam,1
38,4.3,19,186,331.0,sms,mien_nam,1
66,16.0,4,326,668.0,sms,mien_trung,0
39,30.5,6,33,834.0,sms,mien_nam,1
20,31.2,0,281,623.0,quang_cao,mien_trung,0
64,11.1,11,274,302.0,goi_dien,mien_nam,0
41,45.6,16,350,825.0,email,mien_trung,1
24,33.9,6,140,700.0,goi_dien,mien_nam,1
44,44.4,15,202,385.0,goi_dien,mien_bac,1
65,26.5,9,289,352.0,quang_cao,mien_nam,0
51,56.8,9,122,659.0,goi_dien,mien_bac,1
37,10.9,15,129,479.0,sms,mien_nam,1
20,59.2,17,61,529.0,email,mien_bac,1
48,18.8,2,313,511.0,quang_cao,mien_bac,0
19,15.8,19,134,447.0,goi_dien,mien_bac,1
50,13.3,15,13,502.0,goi_dien,mien_trung,1
69,42.7,20,163,498.0,quang_cao,mien_trung,1
67,48.2,9,69,559.0,email,mien_trung,1
49,37.1,6,297,655.0,goi_dien,mien_bac,0
64,45.8,5,96,593.0,sms,mien_nam,1
37,47.3,9,129,826.0,goi_dien,mien_bac,1
66,37.8,17,118,671.0,quang_cao,mien_trung,1
30,46.0,6,313,502.0,email,mien_nam,0
41,31.0,18,256,610.0,sms,mien_nam,1
42,7.4,7,338,400.0,sms,mien_nam,0
27,30.8,19,276,558.0,goi_dien,mien_nam,1
50,55.1,7,10,485.0,quang_cao,mien_trung,1
56,47.9,7,114,828.0,sms,mien_trung,1
51,48.1,6,279,325.0,sms,mien_trung,0
27,34.0,11,299,849.0,quang_cao,mien_nam,0
64,53.4,8,95,567.0,email,mien_bac,0
67,40.6,0,44,724.0,goi_dien,mien_nam,1
52,45.2,12,167,387.0,quang_cao,mien_bac,0
23,19.4,5,307,575.0,goi_dien,mien_trung,0
42,17.7,13,178,697.0,quang_cao,mien_bac,1
26,52.8,4,121,759.0,sms,mien_bac,1
40,34.8,4,293,424.0,sms,mien_trung,0
66,53.9,6,299,437.0,quang_cao,mien_bac,0
44,46.8,13,298,372.0,quang_cao,mien_bac,0
57,42.1,5,215,430.0,goi_dien,mien_nam,1
22,30.4,5,303,608.0,goi_dien,mien_bac,0
19,45.6,1,349,733.0,sms,mien_bac,0
68,21.2,7,173,344.0,quang_cao,mien_nam,0
69,18.7,3,188,646.0,goi_dien,mien_nam,0
53,53.8,6,206,400.0,email,mien_trung,0
41,23.6,2,143,798.0,quang_cao,mien_bac,0
56,28.8,8,263,531.0,goi_dien,mien_nam,0
62,8.3,16,196,325.0,goi_dien,mien_trung,1
51,29.5,9,237,324.0,goi_dien,mien_nam,0
40,6.3,15,304,712.0,quang_cao,mien_trung,0
43,35.2,11,335,741.0,quang_cao,mien_nam,0
48,25.1,9,201,672.0,email,mien_trung,0
,42.3,16,210,579.0,email,mien_nam,1
25,36.0,1,181,312.0,quang_cao,mien_bac,0
58,24.7,15,110,684.0,sms,mien_nam,1
29,53.2,11,173,630.0,email,mien_trung,1
54,58.6,12,325,792.0,sms,mien_trung,0
37,24.2,1,27,497.0,sms,mien_trung,0
52,32.8,20,325,643.0,sms,mien_bac,1
48,22.2,18,313,369.0,quang_cao,mien_bac,0
35,34.0,16,18,606.0,email,mien_nam,1
26,49.5,5,299,481.0,quang_cao,mien_trung,0
57,30.3,10,254,303.0,sms,mien_bac,0
26,41.8,10,61,713.0,email,mien_trung,0
30,54.6,15,289,601.0,email,mien_nam,1
37,16.4,19,96,372.0,quang_cao,mien_trung,1
20,16.8,3,19,651.0,quang_cao,mien_nam,0
26,44.0,0,114,584.0,quang_cao,mien_bac,1
41,35.9,15,233,791.0,goi_dien,mien_trung,1
20,41.2,6,232,571.0,quang_cao,mien_bac,0
33,26.9,15,111,595.0,quang_cao,mien_bac,1
43,16.0,3,75,323.0,quang_cao,mien_bac,0
54,38.5,15,346,555.0,email,mien_bac,0
35,59.8,15,346,572.0,sms,mien_bac,0
57,58.5,13,341,557.0,goi_dien,mien_bac,0
65,43.6,12,174,493.0,goi_dien,mien_bac,1
,53.8,0,110,720.0,email,mien_nam,0
65,25.6,2,264,457.0,email,mien_nam,0
53,14.2,9,142,535.0,goi_dien,mien_bac,1
43,50.3,4,53,830.0,email,mien_nam,1
51,22.4,15,144,742.0,quang_cao,mien_nam,1
69,33.2,6,158,346.0,quang_cao,mien_bac,0
25,41.0,18,302,408.0,goi_dien,mien_bac,1
41,42.0,5,141,446.0,sms,mien_trung,0
19,21.7,0,98,537.0,goi_dien,mien_nam,0
49,48.9,10,186,467.0,sms,mien_nam,0
37,25.5,1,116,350.0,quang_cao,mien_trung,0
44,45.6,9,345,729.0,goi_dien,mien_nam,0
51,19.5,17,327,804.0,goi_dien,mien_nam,1
49,9.7,4,315,503.0,quang_cao,mien_bac,0
63,26.4,6,328,844.0,email,mien_trung,0
63,56.7,6,18,516.0,sms,mien_bac,1
27,47.2,6,342,306.0,goi_dien,mien_nam,0
33,41.4,3,364,311.0,email,mien_trung,0
21,37.6,12,60,700.0,goi_dien,mien_bac,1
54,25.7,20,71,399.0,sms,mien_bac,1
45,14.5,10,327,631.0,quang_cao,mien_bac,0
49,35.9,15,327,446.0,email,mien_nam,0
39,41.1,7,248,725.0,sms,mien_nam,0
59,6.2,4,179,731.0,goi_dien,mien_bac,0
39,15.4,5,282,475.0,goi_dien,mien_trung,0
46,47.4,13,113,439.0,quang_cao,mien_trung,1
67,51.6,9,342,806.0,email,mien_bac,0
22,50.9,16,209,622.0,email,mien_nam,1
24,12.8,10,285,629.0,sms,mien_nam,0
45,45.8,1,303,551.0,goi_dien,mien_trung,0
42,49.4,20,17,677.0,goi_dien,mien_trung,1
59,48.2,11,10,376.0,goi_dien,mien_nam,1
42,37.1,12,273,365.0,email,mien_bac,1
31,58.4,19,296,460.0,email,mien_trung,1
67,43.7,13,186,495.0,email,mien_trung,1
32,33.4,6,302,643.0,sms,mien_bac,0
67,54.3,12,342,649.0,email,mien_trung,0
23,24.8,18,261,502.0,email,mien_nam,1
20,45.9,6,31,839.0,email,mien_bac,1
43,47.7,8,12,602.0,email,mien_trung,1
29,36.5,0,241,802.0,sms,mien_bac,0
31,30.9,13,327,464.0,email,mien_nam,0
60,21.5,4,210,749.0,sms,mien_trung,0
42,38.5,10,153,746.0,quang_cao,mien_trung,1
48,53.0,1,348,614.0,sms,mien_nam,0
55,16.4,5,9,491.0,sms,mien_trung,0
63,47.6,3,296,527.0,email,mien_trung,0
48,35.5,16,183,439.0,quang_cao,mien_trung,1
49,28.9,12,48,576.0,quang_cao,mien_nam,1
32,24.6,0,220,541.0,email,mien_nam,0
18,27.8,15,273,776.0,email,mien_nam,1
57,49.1,6,249,405.0,goi_dien,mien_nam,0
22,26.7,2,180,763.0,email,mien_bac,0
37,57.3,17,73,568.0,sms,mien_bac,1
52,51.3,7,187,684.0,quang_cao,mien_nam,0
52,57.0,0,213,360.0,quang_cao,mien_trung,0
42,25.7,16,41,596.0,email,mien_nam,1
26,20.4,7,355,658.0,quang_cao,mien_bac,0
66,30.6,3,332,456.0,goi_dien,mien_trung,0
34,44.9,6,211,668.0,sms,mien_nam,0
26,20.6,10,136,704.0,goi_dien,mien_bac,0
38,6.2,17,151,590.0,goi_dien,mien_bac,1
29,43.1,19,325,643.0,email,mien_bac,1
25,40.1,14,,453.0,sms,mien_bac,0
64,32.4,17,109,832.0,quang_cao,mien_trung,0
70,12.9,9,99,376.0,email,mien_nam,0
24,29.0,3,87,773.0,quang_cao,mien_trung,0
19,6.3,3,268,568.0,email,mien_trung,0
54,42.3,7,230,747.0,sms,mien_bac,0
34,34.4,16,351,497.0,goi_dien,mien_trung,0
58,46.0,8,300,569.0,email,mien_trung,0
27,50.1,17,221,475.0,goi_dien,mien_bac,0
66,17.3,7,234,610.0,sms,mien_trung,0
41,8.5,6,70,444.0,quang_cao,mien_trung,0
33,7.2,5,204,423.0,email,mien_nam,0
19,22.6,14,91,478.0,sms,mien_trung,1
40,18.3,0,183,637.0,goi_dien,mien_nam,0
23,47.8,1,131,321.0,sms,mien_trung,0
67,37.4,7,268,563.0,goi_dien,mien_trung,0
29,35.2,10,1,530.0,quang_cao,mien_trung,1
63,58.6,8,168,355.0,quang_cao,mien_bac,0
55,30.1,15,342,822.0,goi_dien,mien_bac,1
37,27.0,4,330,549.0,quang_cao,mien_bac,0
35,7.0,12,212,666.0,quang_cao,mien_bac,0
31,53.1,13,135,473.0,goi_dien,mien_trung,1
60,54.9,3,312,673.0,email,mien_trung,0
49,5.3,13,289,347.0,sms,mien_bac,0
29,48.8,7,116,433.0,goi_dien,mien_nam,1
53,27.7,18,8,591.0,goi_dien,mien_trung,1
36,37.9,6,296,790.0,goi_dien,mien_trung,0
29,6.0,10,220,802.0,quang_cao,mien_bac,0
53,20.4,1,344,473.0,quang_cao,mien_nam,0
27,30.3,19,40,337.0,sms,mien_trung,1
66,25.5,9,168,603.0,email,mien_bac,0
21,26.3,2,180,845.0,goi_dien,mien_bac,0
39,8.0,13,311,577.0,email,mien_nam,0
21,27.9,11,2,309.0,sms,mien_nam,1
52,11.4,16,353,443.0,goi_dien,mien_nam,0
63,34.0,8,13,399.0,quang_cao,mien_bac,1
19,45.6,6,109,487.0,quang_cao,mien_bac,0
61,9.9,0,168,644.0,goi_dien,mien_bac,0
23,53.0,6,174,593.0,goi_dien,mien_nam,1
49,11.1,1,89,643.0,sms,mien_bac,0
48,42.9,7,81,796.0,goi_dien,mien_nam,1
61,14.8,2,310,489.0,quang_cao,mien_bac,0
29,46.2,15,146,391.0,goi_dien,mien_trung,1
46,9.2,4,356,466.0,quang_cao,mien_bac,0
58,37.6,1,126,838.0,quang_cao,mien_trung,0
54,36.5,8,34,521.0,quang_cao,mien_nam,1
44,51.6,3,323,325.0,email,mien_trung,0
27,29.3,5,340,498.0,goi_dien,mien_trung,0
24,39.0,15,88,678.0,goi_dien,mien_nam,1
20,32.1,18,46,390.0,sms,mien_nam,1
37,10.3,13,226,335.0,sms,mien_nam,0
30,46.4,16,193,522.0,quang_cao,mien_bac,1
69,13.8,4,189,698.0,goi_dien,mien_nam,0
46,20.2,10,78,625.0,goi_dien,mien_bac,1
23,27.6,13,9,645.0,goi_dien,mien_bac,1
55,56.4,16,94,420.0,quang_cao,mien_bac,1
26,34.5,6,326,537.0,goi_dien,mien_bac,0
29,14.5,16,221,791.0,quang_cao,mien_bac,1
37,12.4,0,137,400.0,sms,mien_trung,0
46,21.8,4,83,381.0,goi_dien,mien_nam,0
32,18.3,18,95,721.0,email,mien_trung,1
60,45.5,10,356,300.0,goi_dien,mien_trung,0
22,17.8,0,287,487.0,email,mien_trung,0
67,6.6,10,169,803.0,email,mien_trung,1
24,11.3,6,174,678.0,sms,mien_trung,0
19,44.4,9,20,564.0,quang_cao,mien_trung,1
20,17.2,2,237,834.0,sms,mien_trung,0
53,57.4,14,169,406.0,goi_dien,mien_nam,0
67,41.8,2,197,655.0,quang_cao,mien_nam,0
49,36.7,10,5,499.0,quang_cao,mien_trung,1
,44.5,5,205,516.0,quang_cao,mien_nam,0
52,7.3,6,352,441.0,quang_cao,mien_trung,0
23,55.3,9,333,836.0,sms,mien_nam,0
35,20.5,0,157,304.0,goi_dien,mien_bac,0
62,52.4,20,355,630.0,email,mien_nam,1
22,40.5,8,165,568.0,sms,mien_bac,0
63,11.9,1,127,767.0,goi_dien,mien_trung,0
60,31.4,12,7,775.0,quang_cao,mien_trung,1
53,37.0,5,243,491.0,quang_cao,mien_bac,0
61,12.5,10,8,595.0,sms,mien_trung,1
23,7.4,3,275,784.0,email,mien_nam,0
44,39.8,4,148,787.0,quang_cao,mien_bac,0
42,5.7,15,265,706.0,sms,mien_trung,0
69,38.9,17,125,533.0,goi_dien,mien_trung,1
18,28.7,1,226,528.0,email,mien_bac,0
22,29.9,7,235,659.0,email,mien_nam,0
53,47.8,5,92,348.0,goi_dien,mien_bac,0
64,9.3,13,170,435.0,goi_dien,mien_bac,1
23,58.5,4,293,370.0,quang_cao,mien_bac,0
20,28.2,11,178,600.0,quang_cao,mien_trung,0
34,54.3,16,143,492.0,email,mien_nam,1
44,9.7,20,167,403.0,goi_dien,mien_trung,1
25,41.9,9,299,526.0,quang_cao,mien_trung,0
52,48.9,0,353,847.0,sms,mien_trung,0
18,35.9,4,317,766.0,quang_cao,mien_nam,0
59,36.0,9,234,422.0,goi_dien,mien_bac,0
26,51.2,12,265,562.0,sms,mien_trung,0
59,53.9,6,92,756.0,goi_dien,mien_bac,1
52,19.2,0,71,513.0,email,mien_bac,0
48,16.1,16,348,784.0,quang_cao,mien_bac,0
46,8.8,15,300,833.0,quang_cao,mien_trung,0
50,58.5,8,278,354.0,quang_cao,mien_bac,0
68,10.0,6,130,422.0,quang_cao,mien_trung,0
54,47.6,6,238,546.0,email,mien_bac,0
42,56.4,12,206,510.0,email,mien_bac,1
40,55.9,10,260,464.0,sms,mien_bac,0
45,22.2,8,213,318.0,goi_dien,mien_bac,0
23,5.8,7,322,810.0,quang_cao,mien_nam,0
60,27.1,5,162,417.0,email,mien_trung,0
32,16.3,3,58,348.0,email,mien_trung,0
44,31.1,18,38,476.0,email,mien_nam,1
65,6.1,14,164,376.0,quang_cao,mien_trung,0
59,22.7,1,313,383.0,email,mien_trung,0
38,31.6,5,159,360.0,sms,mien_bac,0
46,53.8,16,70,590.0,goi_dien,mien_trung,1
37,41.9,2,195,665.0,email,mien_bac,0
60,8.8,17,267,638.0,quang_cao,mien_nam,1
53,,18,24,418.0,quang_cao,mien_bac,0
48,57.6,12,340,365.0,quang_cao,mien_trung,0
50,27.8,2,47,792.0,goi_dien,mien_nam,1
46,54.7,13,10,616.0,goi_dien,mien_nam,1
44,51.0,7,24,715.0,sms,mien_trung,1
57,13.3,0,273,824.0,email,mien_bac,0
18,33.9,20,116,549.0,goi_dien,mien_trung,1
58,8.2,16,131,750.0,quang_cao,mien_bac,1
28,59.2,15,152,808.0,quang_cao,mien_nam,1
20,20.7,1,13,554.0,goi_dien,mien_bac,1
64,27.3,12,252,461.0,email,mien_bac,0
43,32.8,4,262,839.0,quang_cao,mien_bac,0
36,51.9,15,105,815.0,goi_dien,mien_nam,1
19,47.5,15,318,611.0,quang_cao,mien_bac,0
65,55.1,12,297,413.0,email,mien_trung,0
25,57.2,17,193,568.0,email,mien_nam,1
48,36.6,11,304,516.0,email,mien_trung,0
19,22.0,19,239,807.0,sms,mien_nam,1
60,39.1,12,340,639.0,email,mien_nam,0
67,33.8,1,86,603.0,email,mien_bac,0
43,50.1,15,180,833.0,goi_dien,mien_bac,1
48,50.4,3,274,487.0,email,mien_bac,0
19,47.8,0,338,580.0,quang_cao,mien_nam,0
38,20.4,6,148,645.0,email,mien_nam,0
42,29.0,14,92,724.0,sms,mien_nam,1
68,32.8,11,304,485.0,email,mien_nam,0
44,57.5,10,230,748.0,goi_dien,mien_trung,1
65,13.9,6,239,844.0,goi_dien,mien_bac,0
61,7.1,19,28,794.0,quang_cao,mien_nam,1
36,4.8,9,127,627.0,quang_cao,mien_bac,0
46,42.0,4,18,568.0,email,mien_trung,1
22,43.0,5,281,338.0,goi_dien,mien_nam,0
50,8.6,5,52,348.0,sms,mien_bac,0
38,42.4,2,6,335.0,sms,mien_bac,0
57,23.2,19,119,644.0,goi_dien,mien_bac,1
61,58.2,8,145,458.0,sms,mien_bac,0
49,15.5,11,163,579.0,goi_dien,mien_nam,1
37,23.2,17,89,382.0,goi_dien,mien_nam,0
25,9.6,3,123,484.0,email,mien_trung,0
54,22.5,14,276,342.0,email,mien_nam,0
63,28.6,20,69,572.0,quang_cao,mien_nam,1
29,41.9,13,180,365.0,goi_dien,mien_bac,1
38,33.9,8,338,661.0,goi_dien,mien_trung,0
23,39.2,18,201,654.0,goi_dien,mien_trung,1
47,36.8,4,229,515.0,sms,mien_nam,0
29,9.7,2,11,534.0,quang_cao,mien_nam,0
69,38.2,3,51,387.0,sms,mien_bac,0
33,6.4,0,336,811.0,goi_dien,mien_nam,1
55,15.5,14,295,350.0,email,mien_trung,0
28,14.6,18,128,335.0,email,mien_nam,1
35,44.4,8,176,519.0,sms,mien_trung,0
20,23.5,17,12,818.0,quang_cao,mien_bac,1
68,22.2,13,346,622.0,goi_dien,mien_bac,0
66,58.3,18,45,479.0,goi_dien,mien_bac,1
66,27.8,3,5,661.0,goi_dien,mien_bac,1
19,29.0,1,42,630.0,goi_dien,mien_trung,1
22,19.2,10,156,670.0,quang_cao,mien_bac,0
67,51.2,11,237,453.0,email,mien_nam,0
56,58.6,18,37,618.0,email,mien_nam,1
34,40.0,13,98,331.0,goi_dien,mien_trung,1
70,58.3,13,212,597.0,goi_dien,mien_nam,1
47,46.9,17,299,315.0,goi_dien,mien_nam,1
47,21.1,18,357,576.0,email,mien_bac,0
60,32.2,13,93,765.0,quang_cao,mien_bac,1
56,50.3,15,22,723.0,goi_dien,mien_trung,1
50,30.6,15,142,699.0,goi_dien,mien_trung,1
41,56.9,20,228,514.0,email,mien_bac,1
52,6.4,1,158,448.0,email,mien_trung,0
44,55.6,13,277,777.0,email,mien_nam,1
62,24.9,9,207,398.0,sms,mien_bac,0
64,29.8,18,261,428.0,sms,mien_bac,1
,57.6,20,233,386.0,email,mien_bac,1
42,51.5,10,179,482.0,sms,mien_nam,0
47,40.3,9,197,579.0,quang_cao,mien_nam,0
48,21.7,4,289,528.0,quang_cao,mien_bac,0
54,47.6,18,291,390.0,quang_cao,mien_bac,0
32,9.4,18,303,392.0,sms,mien_trung,0
47,59.7,2,174,354.0,sms,mien_nam,0
27,30.2,3,53,395.0,goi_dien,mien_nam,0
33,53.6,14,239,807.0,goi_dien,mien_bac,1
69,59.1,14,301,450.0,email,mien_trung,0
21,48.7,2,291,679.0,email,mien_nam,0
18,52.1,10,4,680.0,email,mien_nam,1
55,28.2,14,231,443.0,email,mien_trung,0
21,35.4,17,121,543.0,sms,mien_trung,1
62,19.8,17,225,841.0,quang_cao,mien_bac,1
48,8.1,3,174,599.0,quang_cao,mien_nam,0
52,26.3,10,280,396.0,sms,mien_trung,0
63,22.1,0,106,507.0,goi_dien,mien_trung,0
29,50.3,0,98,837.0,goi_dien,mien_bac,1
31,24.4,8,163,413.0,goi_dien,mien_trung,0
50,22.1,12,211,337.0,email,mien_bac,0
45,51.1,20,67,827.0,sms,mien_bac,1
65,15.8,13,118,379.0,sms,mien_trung,0
18,35.9,18,252,732.0,quang_cao,mien_nam,1
67,45.0,2,323,447.0,quang_cao,mien_nam,0
58,33.1,7,360,699.0,sms,mien_trung,0
66,16.9,0,12,640.0,quang_cao,mien_trung,0
34,54.1,15,234,344.0,sms,mien_trung,0
44,35.9,3,90,537.0,goi_dien,mien_bac,0
49,4.6,7,186,739.0,email,mien_bac,0
33,18.7,1,351,548.0,sms,mien_trung,0
46,4.5,19,38,516.0,sms,mien_trung,1
68,14.3,16,182,492.0,email,mien_bac,1
58,9.0,10,167,720.0,sms,mien_trung,0
51,19.9,17,16,618.0,sms,mien_nam,1
63,38.7,2,302,399.0,goi_dien,mien_bac,0
19,58.3,13,22,465.0,quang_cao,mien_bac,1
65,43.7,14,259,743.0,email,mien_nam,1
31,42.3,12,88,590.0,goi_dien,mien_nam,1
58,19.2,11,289,677.0,sms,mien_bac,0
18,13.7,8,160,795.0,quang_cao,mien_bac,0
60,4.6,8,300,542.0,goi_dien,mien_nam,0
51,5.7,14,21,548.0,quang_cao,mien_nam,1
29,26.9,19,292,683.0,email,mien_trung,1
53,57.2,11,263,475.0,email,mien_bac,0
69,56.5,7,186,695.0,quang_cao,mien_trung,0
68,19.2,17,56,311.0,sms,mien_trung,1
57,44.3,0,188,841.0,quang_cao,mien_trung,0
38,11.7,13,206,327.0,sms,mien_bac,0
24,20.9,14,98,323.0,email,mien_trung,1
66,48.4,3,132,489.0,goi_dien,mien_bac,0
39,49.8,5,287,452.0,email,mien_trung,0
23,39.7,14,322,519.0,quang_cao,mien_trung,0
52,6.7,20,43,807.0,goi_dien,mien_nam,1
56,12.2,2,40,720.0,email,mien_nam,1
62,4.1,0,204,688.0,quang_cao,mien_nam,0
64,45.4,3,128,775.0,email,mien_trung,0
29,58.4,11,301,834.0,quang_cao,mien_trung,0
35,5.9,10,302,663.0,quang_cao,mien_nam,0
32,52.8,11,155,415.0,sms,mien_nam,1
31,27.5,20,202,391.0,quang_cao,mien_bac,1
41,53.7,6,232,744.0,sms,mien_nam,0
70,39.4,2,133,709.0,sms,mien_bac,0
36,30.0,10,172,424.0,quang_cao,mien_bac,0
28,54.7,5,317,757.0,quang_cao,mien_trung,0
35,56.8,0,19,474.0,goi_dien,mien_bac,1
48,44.3,10,303,436.0,goi_dien,mien_nam,0
49,14.0,18,223,751.0,goi_dien,mien_bac,1
46,50.9,5,95,322.0,sms,mien_bac,0
45,23.8,14,176,652.0,quang_cao,mien_nam,1
19,15.1,12,256,703.0,goi_dien,mien_trung,1
42,40.0,11,172,455.0,goi_dien,mien_trung,1
38,35.6,15,59,449.0,quang_cao,mien_nam,1
52,12.6,10,279,567.0,sms,mien_trung,0
39,23.9,7,329,319.0,sms,mien_nam,0
19,18.6,12,227,530.0,goi_dien,mien_trung,0
68,18.3,20,363,780.0,sms,mien_bac,1
47,44.0,13,97,616.0,goi_dien,mien_nam,1
59,27.0,11,89,630.0,quang_cao,mien_bac,1
32,55.4,5,205,652.0,email,mien_nam,0
42,26.5,1,251,696.0,sms,mien_trung,0
48,6.0,7,62,746.0,goi_dien,mien_trung,1
32,46.9,7,66,825.0,sms,mien_bac,1
70,14.2,8,45,585.0,goi_dien,mien_trung,1
69,20.5,3,361,690.0,email,mien_trung,0
67,48.3,13,131,797.0,goi_dien,mien_bac,1
54,18.1,2,338,535.0,sms,mien_trung,0
49,58.7,7,116,366.0,email,mien_nam,1
30,46.9,14,111,388.0,email,mien_nam,1
50,18.1,16,335,705.0,goi_dien,mien_trung,1
39,41.2,13,213,829.0,sms,mien_nam,1
31,32.4,14,359,772.0,goi_dien,mien_bac,1
20,32.3,18,204,585.0,email,mien_trung,1
37,48.7,9,272,780.0,quang_cao,mien_trung,0
59,45.8,15,86,402.0,email,mien_bac,1
28,8.9,0,337,539.0,email,mien_nam,0
69,29.5,18,313,832.0,quang_cao,mien_bac,1
49,33.3,20,122,622.0,sms,mien_trung,1
35,46.7,16,58,403.0,quang_cao,mien_nam,1
18,7.1,7,219,697.0,quang_cao,mien_trung,0
37,13.0,6,350,756.0,goi_dien,mien_bac,0
35,17.4,2,168,827.0,goi_dien,mien_trung,0
60,17.2,7,48,630.0,goi_dien,mien_nam,1
38,25.4,12,173,514.0,quang_cao,mien_trung,0
25,30.0,0,358,641.0,goi_dien,mien_nam,1
45,27.8,15,31,718.0,email,mien_nam,1
57,28.3,14,61,403.0,goi_dien,mien_nam,1
37,17.9,18,113,780.0,sms,mien_nam,1
58,48.1,0,314,705.0,quang_cao,mien_bac,0
21,34.4,20,54,638.0,quang_cao,mien_bac,1
49,15.9,4,89,377.0,email,mien_bac,0
29,27.7,11,312,750.0,email,mien_trung,0
31,5.3,13,274,320.0,goi_dien,mien_nam,0
32,30.8,6,140,301.0,email,mien_trung,0
23,10.6,12,322,774.0,goi_dien,mien_trung,0
45,10.3,2,334,659.0,email,mien_bac,0
20,27.4,18,192,519.0,sms,mien_bac,1
39,56.1,12,86,792.0,email,mien_trung,1
57,44.9,6,252,771.0,quang_cao,mien_nam,0
57,21.4,5,313,718.0,sms,mien_nam,0
23,32.2,9,232,411.0,email,mien_trung,0
23,32.7,13,207,609.0,sms,mien_trung,1
61,37.8,11,190,776.0,quang_cao,mien_bac,1
43,34.3,11,226,302.0,sms,mien_trung,0
34,11.3,13,144,645.0,goi_dien,mien_nam,1
47,40.4,0,31,659.0,quang_cao,mien_trung,0
47,17.6,14,302,665.0,quang_cao,mien_trung,0
68,8.4,12,195,623.0,quang_cao,mien_nam,0
32,50.9,1,108,801.0,goi_dien,mien_trung,1
37,50.0,15,184,535.0,sms,mien_bac,1
48,28.8,14,58,837.0,sms,mien_nam,1
66,58.0,15,249,412.0,goi_dien,mien_trung,1
57,53.8,17,305,432.0,sms,mien_nam,0
33,24.5,8,229,497.0,email,mien_bac,0
33,19.2,20,221,540.0,email,mien_bac,1
69,6.4,4,26,525.0,sms,mien_bac,0
51,12.2,3,116,640.0,quang_cao,mien_nam,0
30,58.0,19,23,581.0,quang_cao,mien_bac,1
27,44.7,20,128,675.0,quang_cao,mien_nam,1
61,36.6,14,263,552.0,quang_cao,mien_nam,0
24,9.9,11,187,717.0,goi_dien,mien_nam,1
48,43.3,9,141,595.0,quang_cao,mien_nam,1
21,48.3,17,347,687.0,quang_cao,mien_nam,0
56,5.1,4,6,446.0,email,mien_bac,0
46,45.8,3,195,573.0,sms,mien_trung,0
28,54.2,18,234,748.0,email,mien_bac,1
30,20.2,16,216,417.0,sms,mien_bac,0
35,53.2,0,124,463.0,sms,mien_nam,0
40,27.6,2,338,473.0,goi_dien,mien_nam,0
62,33.9,20,48,773.0,sms,mien_nam,1
25,17.7,16,174,641.0,email,mien_nam,1
27,43.3,5,261,336.0,sms,mien_trung,0
55,41.1,6,354,480.0,email,mien_trung,0
40,16.4,12,320,589.0,email,mien_bac,0
70,21.7,0,205,351.0,goi_dien,mien_nam,0
18,48.0,3,20,334.0,email,mien_trung,0
42,53.0,16,253,442.0,sms,mien_trung,0
47,26.7,16,224,517.0,email,mien_trung,1
36,9.5,8,191,573.0,sms,mien_trung,0
59,47.1,7,222,362.0,quang_cao,mien_trung,0
20,25.7,16,80,737.0,email,mien_bac,1
39,44.4,12,348,452.0,email,mien_trung,0
60,55.8,13,307,625.0,quang_cao,mien_nam,0
67,58.6,1,144,846.0,sms,mien_nam,0
35,48.9,1,145,370.0,sms,mien_nam,0
58,37.4,10,209,731.0,quang_cao,mien_trung,0
29,5.3,5,226,813.0,sms,mien_bac,0
29,34.8,10,157,754.0,quang_cao,mien_nam,1
39,16.8,11,245,698.0,goi_dien,mien_bac,1
43,17.2,0,16,453.0,email,mien_nam,0
25,53.3,0,268,786.0,sms,mien_trung,0
30,39.9,11,242,465.0,quang_cao,mien_trung,0
37,23.8,11,346,849.0,sms,mien_trung,0
20,21.2,7,274,571.0,email,mien_trung,0
34,35.7,8,101,353.0,quang_cao,mien_nam,0
57,56.2,20,57,723.0,email,mien_bac,1
35,58.6,14,24,588.0,email,mien_trung,1
46,51.5,0,61,606.0,quang_cao,mien_trung,0
23,8.4,12,10,812.0,sms,mien_bac,1
43,35.6,15,276,482.0,goi_dien,mien_trung,1
41,49.4,4,126,549.0,sms,mien_nam,0
34,10.2,1,291,839.0,quang_cao,mien_nam,0
63,25.0,17,64,685.0,quang_cao,mien_nam,1
29,51.4,8,31,762.0,sms,mien_trung,1
67,34.4,2,2,769.0,quang_cao,mien_bac,1
44,47.9,11,312,421.0,email,mien_trung,0
67,56.8,18,106,572.0,goi_dien,mien_trung,1
54,8.7,11,322,482.0,email,mien_trung,0
31,22.4,17,251,841.0,email,mien_nam,1
22,33.7,16,102,390.0,email,mien_bac,1
25,25.4,20,66,580.0,quang_cao,mien_bac,1
22,30.1,8,349,644.0,email,mien_trung,0
39,32.5,5,120,441.0,goi_dien,mien_trung,0
37,13.0,17,358,340.0,quang_cao,mien_bac,0
43,4.7,7,217,575.0,quang_cao,mien_bac,0
56,22.4,6,253,675.0,quang_cao,mien_nam,0
29,6.5,19,139,602.0,quang_cao,mien_trung,1
55,52.0,1,198,318.0,quang_cao,mien_nam,0
48,30.7,17,173,616.0,sms,mien_trung,1
26,6.2,12,31,461.0,email,mien_bac,1
24,17.7,15,283,353.0,goi_dien,mien_bac,0
51,4.7,7,254,631.0,sms,mien_nam,0
70,37.2,6,252,812.0,quang_cao,mien_bac,0
40,25.0,20,99,818.0,quang_cao,mien_trung,1
63,45.1,10,41,411.0,email,mien_bac,1
43,29.0,7,289,801.0,quang_cao,mien_trung,0
53,48.9,4,344,381.0,sms,mien_trung,0
52,55.9,15,44,749.0,sms,mien_bac,1
33,18.1,4,109,377.0,email,mien_trung,0
70,43.4,20,319,625.0,goi_dien,mien_nam,1
43,20.4,7,63,435.0,email,mien_bac,1
46,26.7,9,87,601.0,sms,mien_nam,1
24,58.3,11,45,591.0,goi_dien,mien_trung,1
43,59.2,0,279,761.0,sms,mien_bac,0
57,59.9,12,31,725.0,sms,mien_nam,1
23,13.2,10,255,721.0,goi_dien,mien_bac,0
19,12.5,16,84,715.0,quang_cao,mien_bac,1
21,43.7,5,38,309.0,sms,mien_nam,0
54,27.0,0,8,641.0,quang_cao,mien_bac,0
21,40.5,16,96,404.0,quang_cao,mien_bac,1
19,19.6,4,68,814.0,quang_cao,mien_nam,1
64,34.6,5,219,827.0,sms,mien_trung,0
23,22.5,0,99,701.0,quang_cao,mien_trung,0
40,37.0,20,329,845.0,email,mien_bac,1
70,29.3,3,247,646.0,goi_dien,mien_bac,0
27,29.1,13,57,323.0,quang_cao,mien_nam,1
57,18.4,1,259,805.0,quang_cao,mien_bac,0
27,37.8,19,30,562.0,sms,mien_bac,1
45,38.1,2,6,797.0,quang_cao,mien_bac,1
56,6.1,1,244,664.0,email,mien_bac,0
18,44.6,5,336,466.0,sms,mien_bac,0
32,13.5,14,188,565.0,quang_cao,mien_trung,0
32,32.4,6,194,801.0,quang_cao,mien_trung,0
20,8.1,14,197,448.0,email,mien_bac,0
43,48.4,14,205,436.0,quang_cao,mien_trung,0
62,42.6,14,185,385.0,goi_dien,mien_trung,1
34,27.7,18,116,449.0,sms,mien_trung,1
64,47.6,16,283,441.0,goi_dien,mien_nam,1
41,30.3,0,346,498.0,sms,mien_trung,0
54,21.5,19,267,530.0,quang_cao,mien_nam,1
19,45.4,3,6,776.0,quang_cao,mien_trung,1
27,47.9,9,181,580.0,quang_cao,mien_bac,0
42,53.4,7,99,561.0,sms,mien_trung,1
54,28.1,12,231,640.0,quang_cao,mien_bac,0
69,16.6,6,93,683.0,goi_dien,mien_nam,1
44,32.3,14,125,815.0,sms,mien_nam,1
34,55.2,7,300,599.0,email,mien_trung,0
46,10.8,13,29,623.0,email,mien_trung,1
66,58.2,9,288,503.0,email,mien_nam,0
54,44.4,6,356,505.0,sms,mien_trung,0
53,44.4,9,138,782.0,goi_dien,mien_nam,1
70,50.1,18,81,830.0,quang_cao,mien_nam,1
35,51.6,10,338,405.0,email,mien_bac,0
70,29.6,20,143,800.0,email,mien_trung,1
36,14.1,1,270,843.0,email,mien_trung,0
19,38.8,5,50,360.0,email,mien_nam,0
34,31.1,12,339,500.0,sms,mien_trung,0
53,28.7,8,362,561.0,email,mien_nam,0
43,59.0,9,22,450.0,goi_dien,mien_nam,1
28,52.9,12,140,808.0,goi_dien,mien_bac,1
34,13.2,0,224,826.0,goi_dien,mien_bac,0
60,51.4,2,329,459.0,sms,mien_nam,0
25,36.3,2,181,643.0,quang_cao,mien_nam,0
65,55.9,11,17,328.0,goi_dien,mien_trung,1
42,20.8,13,269,329.0,goi_dien,mien_trung,0
36,34.8,15,264,,quang_cao,mien_nam,0
24,43.3,9,222,338.0,quang_cao,mien_nam,0
27,6.8,18,182,450.0,goi_dien,mien_trung,1
52,12.6,14,333,690.0,quang_cao,mien_nam,0
51,37.3,0,314,562.0,quang_cao,mien_trung,0
56,5.3,6,192,832.0,sms,mien_bac,0
60,22.8,4,193,625.0,quang_cao,mien_trung,0
34,39.5,5,166,596.0,goi_dien,mien_nam,0
58,54.0,18,349,721.0,sms,mien_nam,1
66,23.3,6,49,774.0,quang_cao,mien_nam,1
43,22.0,7,32,466.0,goi_dien,mien_bac,1
34,9.6,10,291,768.0,sms,mien_trung,0
37,38.3,13,175,655.0,quang_cao,mien_nam,1
18,16.7,10,311,478.0,email,mien_bac,0
55,8.2,11,33,502.0,email,mien_bac,1
67,28.7,10,85,470.0,quang_cao,mien_trung,0
62,59.1,20,274,581.0,email,mien_nam,1
45,6.6,18,166,815.0,quang_cao,mien_bac,1
28,48.8,14,136,618.0,quang_cao,mien_trung,1
30,38.5,11,56,443.0,email,mien_trung,1
66,49.4,4,190,414.0,sms,mien_trung,0
19,43.8,20,170,849.0,email,mien_trung,1
65,42.6,11,25,426.0,quang_cao,mien_trung,1
38,38.3,0,165,651.0,goi_dien,mien_nam,0
42,8.6,16,320,528.0,goi_dien,mien_nam,0
49,24.0,0,124,646.0,sms,mien_trung,0
61,49.7,20,331,836.0,quang_cao,mien_trung,1
68,39.7,20,202,597.0,quang_cao,mien_nam,1
56,25.8,5,160,425.0,quang_cao,mien_nam,0
21,53.7,17,235,349.0,goi_dien,mien_nam,1
34,50.4,10,316,539.0,goi_dien,mien_nam,0
59,18.6,17,135,561.0,,mien_nam,1
43,32.3,11,53,681.0,email,mien_nam,1
54,38.3,13,285,505.0,goi_dien,mien_nam,0
66,25.2,11,158,454.0,goi_dien,mien_nam,1
55,44.3,17,324,758.0,quang_cao,mien_bac,1
61,9.7,17,182,754.0,email,mien_bac,1
33,45.7,2,95,565.0,sms,mien_bac,0
70,43.8,4,264,786.0,sms,mien_trung,0
47,58.9,19,350,345.0,email,mien_bac,0
61,21.2,6,127,508.0,goi_dien,mien_bac,0
37,48.9,5,289,808.0,email,mien_trung,0
38,15.1,11,266,650.0,goi_dien,mien_trung,0
18,48.0,1,64,424.0,goi_dien,mien_trung,0
36,43.6,2,237,772.0,goi_dien,mien_nam,0
44,24.2,1,302,759.0,goi_dien,mien_nam,0
40,29.5,0,331,573.0,quang_cao,mien_nam,0
24,35.1,2,44,323.0,goi_dien,mien_nam,0
45,48.9,13,360,381.0,goi_dien,mien_trung,0
62,41.5,10,103,603.0,email,mien_trung,1
41,48.9,17,311,710.0,goi_dien,mien_trung,1
41,43.8,7,311,,quang_cao,mien_nam,0
61,40.8,20,121,763.0,email,mien_trung,1
52,50.1,12,345,617.0,email,mien_nam,0
39,16.2,15,237,579.0,sms,mien_nam,1
19,10.3,20,284,538.0,quang_cao,mien_bac,1
18,22.8,14,191,449.0,email,mien_trung,1
57,8.5,10,175,728.0,sms,mien_trung,0
24,29.6,11,157,499.0,email,mien_trung,1
21,19.1,0,241,677.0,email,mien_trung,0
43,12.2,10,70,740.0,sms,mien_nam,1
40,10.8,18,357,593.0,email,mien_trung,0
39,15.9,1,178,538.0,sms,mien_trung,0
53,38.8,14,13,474.0,sms,mien_trung,1
46,38.0,12,146,689.0,sms,mien_bac,1
60,10.6,11,201,530.0,goi_dien,mien_nam,1
29,41.3,12,236,644.0,goi_dien,mien_nam,1
30,34.9,15,17,588.0,email,mien_nam,1
66,34.3,12,122,631.0,goi_dien,mien_trung,1
42,33.1,15,168,589.0,quang_cao,mien_nam,1
23,10.5,16,228,824.0,quang_cao,mien_bac,1
29,22.0,8,242,502.0,email,mien_nam,0
37,32.4,7,4,334.0,email,mien_trung,1
50,16.3,19,311,391.0,email,mien_trung,0
66,30.3,11,40,563.0,quang_cao,mien_bac,1
39,26.7,16,78,746.0,quang_cao,mien_trung,1
37,33.2,10,243,478.0,email,mien_bac,0
51,15.2,5,84,570.0,quang_cao,mien_bac,0
28,27.2,16,293,728.0,quang_cao,mien_nam,1
62,53.8,7,139,619.0,goi_dien,mien_nam,1
61,9.1,15,275,678.0,quang_cao,mien_trung,0
68,10.8,11,100,600.0,email,mien_bac,1
59,55.4,0,66,501.0,email,mien_bac,0
68,53.2,8,144,780.0,goi_dien,mien_trung,1
20,46.9,2,298,722.0,email,mien_nam,0
56,8.4,7,69,565.0,sms,mien_bac,0
54,6.6,18,280,718.0,sms,mien_bac,1
32,38.9,5,62,663.0,email,mien_bac,1
52,7.6,2,4,801.0,sms,mien_bac,1
30,22.6,13,340,544.0,email,mien_nam,0
35,4.7,18,74,741.0,sms,mien_trung,1
57,38.7,19,259,733.0,quang_cao,mien_nam,1
31,33.6,20,215,842.0,quang_cao,mien_nam,1
55,53.7,20,257,706.0,goi_dien,mien_bac,1
30,18.7,14,183,542.0,goi_dien,mien_trung,1
28,4.5,6,209,808.0,goi_dien,mien_bac,0
29,12.6,20,140,305.0,quang_cao,mien_trung,1
70,11.6,3,303,483.0,sms,mien_bac,0
41,12.9,0,322,605.0,email,mien_trung,0
33,7.2,20,42,591.0,goi_dien,mien_bac,1
39,59.8,7,80,319.0,email,mien_nam,1
41,52.3,6,74,727.0,email,mien_bac,1
57,29.0,8,199,449.0,quang_cao,mien_bac,0
70,13.0,20,332,314.0,email,mien_nam,0
33,18.2,6,164,636.0,goi_dien,mien_trung,0
33,5.2,2,268,605.0,quang_cao,mien_trung,0
18,7.3,11,133,844.0,sms,mien_trung,1
24,34.2,5,342,781.0,quang_cao,mien_trung,0
22,18.7,18,290,759.0,email,mien_bac,1
43,49.6,8,43,620.0,goi_dien,mien_trung,1
54,21.0,13,51,342.0,email,mien_trung,1
47,14.0,0,40,697.0,email,mien_nam,0
28,21.8,12,321,547.0,goi_dien,mien_trung,0
39,14.8,9,211,505.0,goi_dien,mien_nam,0
46,15.6,5,167,469.0,sms,mien_trung,0
37,18.8,13,15,325.0,email,mien_nam,1
60,8.0,15,87,820.0,sms,mien_bac,1
50,37.2,15,71,433.0,quang_cao,mien_nam,1
57,48.6,16,80,482.0,goi_dien,mien_trung,1
36,46.1,20,251,607.0,email,mien_bac,1
51,5.8,2,337,776.0,sms,mien_bac,0
33,54.6,18,202,629.0,sms,mien_bac,1
33,39.9,13,229,404.0,email,mien_trung,0
63,23.5,4,345,355.0,sms,mien_bac,0
37,59.4,10,329,745.0,sms,mien_nam,1
67,13.9,12,243,743.0,sms,mien_nam,0
60,33.2,0,180,,goi_dien,mien_bac,0
30,42.8,4,47,325.0,quang_cao,mien_bac,0
54,53.7,8,276,470.0,sms,mien_trung,0
23,38.0,4,159,338.0,email,mien_bac,0
59,57.9,16,234,762.0,email,mien_trung,1
48,40.6,14,320,551.0,quang_cao,mien_bac,0
27,43.2,2,29,342.0,quang_cao,mien_bac,0
20,31.6,13,78,503.0,goi_dien,mien_nam,1
24,39.5,5,343,739.0,sms,mien_nam,0
31,42.2,9,46,474.0,email,mien_bac,1
26,13.1,11,326,545.0,quang_cao,mien_nam,0
69,34.0,2,62,793.0,email,mien_nam,1
54,54.9,15,159,406.0,quang_cao,mien_bac,1
31,6.2,4,355,682.0,sms,mien_bac,0
35,13.4,10,276,475.0,quang_cao,mien_nam,0
22,14.5,7,236,615.0,sms,mien_trung,0
41,45.6,10,172,609.0,goi_dien,mien_trung,1
70,8.8,19,337,774.0,sms,mien_trung,1
41,37.8,5,125,485.0,quang_cao,mien_trung,0
40,7.2,20,156,536.0,sms,mien_nam,1
61,20.9,5,145,406.0,email,mien_nam,0
32,39.0,5,212,735.0,email,mien_bac,0
42,18.1,18,109,781.0,email,mien_nam,1
30,16.2,1,87,349.0,sms,mien_nam,0
67,46.1,2,202,529.0,email,mien_trung,0
67,18.9,3,97,500.0,goi_dien,mien_bac,0
44,15.1,8,64,652.0,goi_dien,mien_trung,1
29,48.7,19,47,697.0,goi_dien,mien_trung,1
22,37.4,3,199,432.0,sms,mien_bac,0
36,59.3,20,149,319.0,goi_dien,mien_bac,1
53,50.7,11,108,328.0,sms,mien_bac,1
33,12.1,0,263,769.0,quang_cao,mien_trung,0
53,35.6,6,87,641.0,quang_cao,mien_bac,0
62,36.3,7,309,424.0,sms,mien_nam,0
24,54.8,15,22,478.0,email,mien_nam,1
34,58.2,5,235,527.0,goi_dien,mien_trung,0
70,27.5,1,273,797.0,quang_cao,mien_bac,0
60,37.3,2,257,819.0,sms,mien_bac,0
65,24.5,7,191,566.0,goi_dien,mien_trung,0
36,28.9,2,244,541.0,goi_dien,mien_trung,0
44,31.3,1,208,457.0,sms,mien_trung,0
25,17.1,4,103,681.0,sms,mien_bac,0
57,14.1,15,87,527.0,email,mien_bac,1
46,20.3,19,299,838.0,quang_cao,mien_bac,1
44,24.5,,311,745.0,sms,mien_bac,0
40,24.8,6,196,602.0,quang_cao,mien_nam,0
30,29.8,11,204,371.0,sms,mien_trung,0
61,29.1,11,117,439.0,email,mien_bac,1
27,39.4,16,315,766.0,goi_dien,mien_trung,1
45,55.4,17,156,656.0,goi_dien,mien_nam,1
29,4.8,8,263,488.0,sms,mien_trung,0
50,34.8,0,18,471.0,quang_cao,mien_nam,0
23,56.5,0,275,454.0,sms,mien_nam,0
44,43.8,18,165,726.0,goi_dien,mien_trung,1
61,6.6,18,307,773.0,sms,mien_bac,1
66,33.3,11,109,446.0,goi_dien,mien_trung,1
42,36.0,12,39,373.0,sms,mien_bac,1
48,45.5,13,289,334.0,email,mien_trung,0
28,59.0,3,55,480.0,email,mien_nam,1
41,34.0,10,19,370.0,sms,mien_nam,1
19,35.4,20,48,373.0,goi_dien,mien_nam,1
54,42.4,1,219,740.0,goi_dien,mien_bac,0
60,35.7,9,126,516.0,sms,mien_trung,0
37,13.5,14,252,468.0,email,mien_nam,0
63,30.5,20,332,462.0,goi_dien,mien_nam,1
41,27.9,5,327,701.0,sms,mien_bac,0
28,15.4,18,299,317.0,sms,mien_trung,0
44,25.6,2,256,355.0,goi_dien,mien_bac,0
62,48.4,7,49,644.0,goi_dien,mien_trung,1
63,45.3,10,53,411.0,quang_cao,mien_bac,1
66,35.0,15,361,447.0,goi_dien,mien_trung,0
59,9.6,15,241,660.0,sms,mien_bac,1
41,37.8,20,59,300.0,email,mien_bac,1
57,9.9,5,149,505.0,quang_cao,mien_nam,0
23,49.3,3,17,788.0,email,mien_bac,1
51,45.1,13,215,475.0,sms,mien_trung,0
63,9.7,6,357,718.0,quang_cao,mien_trung,0
54,10.7,9,175,568.0,email,mien_bac,0
41,14.5,20,38,543.0,quang_cao,mien_trung,1
37,52.3,15,27,817.0,sms,mien_nam,1
46,44.0,15,246,358.0,goi_dien,mien_bac,1
30,28.3,12,55,674.0,email,mien_trung,1
55,22.0,7,243,747.0,sms,mien_nam,0
19,52.8,15,233,389.0,email,mien_nam,1
61,25.0,12,169,545.0,quang_cao,mien_bac,0
40,32.2,19,225,558.0,quang_cao,mien_nam,1
52,12.7,13,24,346.0,sms,mien_trung,1
34,25.7,7,286,775.0,email,mien_bac,0
69,53.2,14,20,534.0,sms,mien_trung,1
45,58.7,12,56,310.0,email,mien_trung,1
56,34.4,9,351,383.0,email,mien_nam,0
34,16.4,14,84,798.0,email,mien_trung,1
68,15.7,6,141,586.0,goi_dien,mien_nam,0
68,59.5,5,219,733.0,sms,mien_trung,0
63,16.1,12,3,403.0,quang_cao,mien_nam,1
36,49.1,3,8,638.0,quang_cao,mien_nam,1
33,13.1,6,220,415.0,quang_cao,mien_nam,0
44,5.5,6,7,607.0,email,mien_bac,0
63,56.3,18,248,438.0,email,mien_bac,1
45,4.2,1,6,794.0,email,mien_bac,1
50,5.8,1,71,397.0,goi_dien,mien_trung,0
52,26.0,8,16,624.0,quang_cao,mien_nam,1
33,40.4,8,60,821.0,goi_dien,mien_nam,1
55,49.0,12,260,625.0,email,mien_nam,1
64,33.1,12,267,691.0,sms,mien_bac,0
66,44.4,6,160,373.0,quang_cao,mien_nam,0
27,29.0,12,332,353.0,goi_dien,mien_nam,0
42,41.0,17,232,687.0,quang_cao,mien_trung,1
47,8.8,15,56,594.0,goi_dien,mien_trung,1
41,18.6,0,130,428.0,sms,mien_trung,0
61,51.8,9,155,780.0,email,mien_nam,0
41,28.6,15,58,316.0,sms,mien_trung,1
41,53.6,2,203,585.0,sms,mien_nam,0
35,39.1,10,322,654.0,sms,mien_bac,0
24,29.1,16,210,496.0,quang_cao,mien_trung,0
63,58.6,3,42,840.0,goi_dien,mien_nam,1
27,12.3,18,203,465.0,quang_cao,mien_trung,1
26,47.8,15,148,433.0,quang_cao,mien_trung,1
32,24.8,8,116,336.0,quang_cao,mien_trung,0
44,46.6,3,327,360.0,email,mien_trung,0
30,5.3,10,39,685.0,sms,mien_trung,1
67,49.2,4,215,815.0,quang_cao,mien_nam,0
36,23.7,18,182,522.0,email,mien_nam,1
22,43.6,5,46,389.0,quang_cao,mien_bac,0
21,22.1,7,208,731.0,quang_cao,mien_trung,0
23,31.0,8,257,631.0,sms,mien_nam,0
60,9.1,16,116,558.0,goi_dien,mien_nam,1
59,50.8,4,164,444.0,quang_cao,mien_nam,0
49,24.2,6,161,522.0,sms,mien_nam,0
56,31.5,3,210,415.0,goi_dien,mien_nam,0
69,35.8,15,19,562.0,email,mien_nam,1
46,28.9,2,16,849.0,email,mien_trung,1
65,51.8,2,272,605.0,quang_cao,mien_trung,0
48,5.7,5,6,620.0,sms,mien_trung,1
33,33.6,1,124,769.0,sms,mien_trung,0
49,14.4,6,225,464.0,sms,mien_bac,0
49,15.0,12,316,833.0,email,mien_nam,0
49,57.7,8,279,582.0,email,mien_bac,0
45,5.8,18,359,566.0,sms,mien_nam,0
47,25.1,3,113,692.0,email,mien_trung,0
47,32.3,15,279,661.0,goi_dien,mien_trung,1
49,56.0,1,195,728.0,goi_dien,mien_bac,0
42,16.1,20,171,489.0,goi_dien,mien_nam,1
18,14.5,11,360,732.0,email,mien_trung,0
40,34.2,11,94,593.0,email,,0
47,4.7,1,329,672.0,email,mien_nam,0
55,59.5,14,145,667.0,quang_cao,mien_bac,1
44,34.0,13,251,503.0,sms,mien_bac,0
46,39.1,5,275,728.0,quang_cao,mien_bac,0
56,19.5,7,261,570.0,quang_cao,mien_bac,0
25,44.7,14,113,496.0,quang_cao,mien_trung,1
49,34.6,18,100,600.0,quang_cao,mien_trung,1
38,54.1,12,211,711.0,sms,mien_bac,1
60,19.8,6,354,619.0,quang_cao,mien_bac,0
40,35.1,15,259,611.0,quang_cao,mien_bac,0
24,29.0,15,295,706.0,email,mien_nam,1
41,11.4,13,32,321.0,goi_dien,mien_nam,1
46,15.4,5,181,456.0,goi_dien,mien_bac,0
19,41.4,13,78,328.0,sms,mien_trung,1
50,57.3,10,139,820.0,email,mien_bac,1
23,33.3,16,40,550.0,sms,mien_trung,1
46,4.7,14,68,810.0,sms,mien_trung,1
36,53.0,2,262,374.0,sms,mien_trung,0
23,48.4,3,164,600.0,sms,mien_nam,0
67,17.7,3,9,506.0,email,mien_nam,1
56,31.4,19,21,798.0,email,mien_bac,1
56,35.4,1,340,561.0,quang_cao,mien_nam,0
44,40.7,2,107,481.0,email,mien_trung,0
30,32.8,13,149,356.0,sms,mien_trung,0
68,11.8,20,21,647.0,email,mien_trung,1
68,54.8,14,61,748.0,goi_dien,mien_nam,1
34,59.6,1,348,601.0,sms,mien_bac,0
37,36.2,8,228,515.0,goi_dien,mien_trung,0
70,11.5,3,202,787.0,email,mien_trung,0
41,40.4,7,284,748.0,goi_dien,mien_bac,0
29,20.9,17,213,612.0,quang_cao,mien_trung,1
69,26.5,19,66,661.0,sms,mien_nam,1
69,6.5,1,89,774.0,email,mien_bac,0
53,36.4,9,259,457.0,email,mien_trung,0
18,49.7,1,157,565.0,sms,mien_trung,0
41,15.6,4,52,379.0,email,mien_bac,0
32,34.3,0,278,633.0,sms,mien_bac,0
51,17.9,2,340,482.0,email,mien_nam,0
42,25.4,8,103,368.0,quang_cao,mien_bac,0
19,25.8,12,213,514.0,quang_cao,mien_trung,0
62,24.7,9,343,351.0,sms,mien_nam,0
61,45.5,3,59,824.0,quang_cao,mien_trung,1
40,38.8,6,258,734.0,sms,mien_trung,0
27,19.0,3,355,325.0,email,mien_trung,0
66,41.3,19,254,527.0,goi_dien,mien_bac,1
32,44.4,10,342,394.0,sms,mien_trung,0
53,47.9,8,71,844.0,goi_dien,mien_trung,1
51,44.1,18,56,434.0,sms,mien_trung,1
36,57.5,7,118,359.0,quang_cao,mien_trung,0
25,38.9,13,124,632.0,sms,mien_trung,1
48,8.8,8,291,350.0,quang_cao,mien_bac,0
66,16.8,18,347,590.0,sms,mien_nam,0
55,27.6,16,298,722.0,email,mien_bac,1
55,43.5,19,238,442.0,sms,mien_nam,1
27,28.9,3,302,611.0,goi_dien,mien_trung,0
26,48.1,4,117,501.0,sms,mien_bac,0
58,53.1,10,311,730.0,email,mien_trung,0
65,23.6,19,356,808.0,email,mien_nam,1
25,19.8,5,80,732.0,quang_cao,mien_bac,0
24,14.5,0,102,361.0,sms,mien_trung,0
38,50.5,17,244,773.0,goi_dien,mien_nam,1
69,28.3,8,225,700.0,email,mien_nam,0
58,41.9,7,84,764.0,sms,mien_bac,1
45,16.2,19,247,727.0,email,mien_nam,1
57,30.7,2,76,429.0,quang_cao,mien_bac,0
49,14.7,18,312,815.0,sms,mien_bac,1
37,35.8,3,260,679.0,email,mien_trung,0
63,27.1,12,171,827.0,email,mien_trung,1
22,44.7,5,159,341.0,email,mien_bac,0
62,48.2,12,151,843.0,sms,mien_nam,1
24,4.9,3,276,448.0,quang_cao,mien_bac,0
55,25.9,8,67,768.0,sms,mien_nam,1
51,27.3,5,97,832.0,email,mien_nam,1
40,56.2,9,270,555.0,quang_cao,mien_bac,0
31,53.0,15,147,501.0,goi_dien,mien_bac,1
56,7.4,19,14,594.0,email,mien_nam,1
21,15.2,2,106,304.0,sms,mien_nam,0
57,5.9,16,279,348.0,sms,mien_nam,0
64,44.2,6,150,574.0,sms,mien_trung,0
70,37.5,1,257,684.0,goi_dien,mien_bac,0
19,53.2,3,157,544.0,quang_cao,mien_nam,0
34,47.0,17,240,328.0,email,mien_nam,1
43,40.8,8,184,356.0,sms,mien_nam,0
64,4.9,18,209,637.0,goi_dien,mien_bac,1
60,20.3,20,277,813.0,sms,mien_trung,1
45,38.8,13,276,414.0,goi_dien,mien_nam,0
70,20.4,6,95,491.0,email,mien_bac,0
60,53.0,16,50,748.0,goi_dien,mien_trung,1
63,15.6,4,361,704.0,sms,mien_bac,0
32,26.9,8,72,302.0,sms,mien_nam,0
55,11.9,1,202,709.0,goi_dien,mien_trung,0
57,27.7,18,59,829.0,quang_cao,mien_nam,1
60,42.1,3,198,836.0,email,mien_trung,0
61,51.4,19,169,670.0,sms,mien_nam,1
35,4.1,8,55,610.0,quang_cao,mien_bac,1
61,14.3,7,107,501.0,quang_cao,mien_bac,0
49,10.6,20,286,778.0,sms,mien_nam,1
19,58.7,2,164,398.0,goi_dien,mien_trung,0
39,16.3,5,340,621.0,quang_cao,mien_bac,0
40,53.9,2,18,352.0,email,mien_trung,0
69,5.8,6,24,428.0,goi_dien,mien_nam,1
58,29.9,6,304,572.0,,mien_trung,0
33,22.0,11,18,745.0,sms,mien_bac,1
30,11.5,4,113,414.0,email,mien_trung,0
68,44.6,12,341,801.0,email,mien_bac,0
55,56.6,2,264,754.0,goi_dien,mien_trung,0
62,10.5,12,179,451.0,email,mien_trung,0
62,53.9,1,64,,quang_cao,mien_bac,0
70,48.1,20,238,773.0,quang_cao,mien_trung,1
33,26.2,11,306,403.0,goi_dien,mien_bac,0
23,42.4,7,145,354.0,goi_dien,mien_bac,0
41,28.2,12,80,655.0,goi_dien,mien_nam,1
25,15.5,0,241,770.0,goi_dien,mien_bac,0
26,45.0,20,363,407.0,sms,mien_bac,0
67,37.8,12,176,526.0,email,mien_nam,1
25,50.3,0,263,850.0,quang_cao,mien_trung,0
29,21.9,17,87,769.0,sms,mien_nam,1
29,34.7,17,171,833.0,quang_cao,mien_trung,1
59,22.8,4,14,352.0,quang_cao,mien_bac,0
36,38.6,3,343,337.0,email,mien_bac,0
20,29.2,7,233,344.0,email,mien_nam,0
62,53.9,17,274,702.0,sms,mien_bac,1
60,45.8,16,199,405.0,email,mien_nam,1
20,29.4,19,58,569.0,goi_dien,mien_bac,1
70,46.6,11,323,583.0,sms,mien_trung,0
55,50.3,0,91,592.0,quang_cao,mien_trung,0
29,12.2,18,224,776.0,quang_cao,mien_nam,0
68,48.8,4,168,326.0,sms,mien_trung,0
24,54.2,13,186,714.0,sms,mien_trung,1
61,57.5,19,305,375.0,email,mien_bac,1
70,9.5,18,296,450.0,email,mien_trung,0
59,8.5,7,286,785.0,quang_cao,mien_bac,0
56,45.2,18,133,543.0,email,mien_bac,1
70,43.3,5,52,399.0,email,mien_trung,0
51,55.1,2,246,691.0,quang_cao,mien_bac,0
67,33.6,9,98,428.0,quang_cao,mien_nam,0
70,34.6,15,87,673.0,goi_dien,mien_bac,1
19,53.7,7,4,504.0,goi_dien,mien_trung,1
29,7.1,9,147,448.0,email,mien_bac,0
68,49.6,16,260,379.0,quang_cao,mien_bac,0
27,57.6,17,20,447.0,sms,mien_trung,1
70,14.8,11,357,379.0,sms,mien_bac,0
33,34.7,12,243,364.0,quang_cao,mien_trung,0
47,56.4,16,302,598.0,sms,mien_trung,1
29,53.6,12,61,776.0,quang_cao,mien_nam,1
39,45.2,1,147,465.0,goi_dien,mien_bac,0
47,51.6,20,181,622.0,goi_dien,mien_bac,1
51,22.6,3,295,589.0,sms,mien_bac,0
29,48.5,10,294,765.0,goi_dien,mien_bac,1
42,30.4,15,35,485.0,goi_dien,mien_nam,1
30,52.4,18,214,612.0,goi_dien,mien_bac,1
53,44.7,12,99,630.0,email,mien_nam,1
41,45.4,4,298,596.0,quang_cao,mien_bac,0
64,51.0,4,178,719.0,quang_cao,mien_nam,0
63,43.5,4,119,687.0,goi_dien,mien_trung,1
22,5.9,13,269,627.0,sms,mien_bac,0
30,45.3,3,65,364.0,sms,mien_bac,0
32,20.8,2,212,630.0,sms,mien_nam,0
40,8.0,5,322,419.0,email,mien_trung,0
52,31.1,12,11,821.0,goi_dien,mien_trung,1
63,44.1,13,210,331.0,goi_dien,mien_bac,1
25,10.9,9,280,449.0,email,mien_nam,0
41,43.6,19,316,460.0,email,mien_trung,1
59,27.5,4,9,675.0,quang_cao,mien_bac,1
41,31.3,4,138,533.0,goi_dien,mien_nam,0
29,37.7,5,194,760.0,email,mien_bac,1
24,38.9,7,107,556.0,quang_cao,mien_nam,0
43,38.9,16,174,328.0,sms,mien_trung,1
38,40.8,11,310,326.0,sms,mien_nam,0
18,43.5,18,263,398.0,email,mien_nam,1
58,15.6,6,145,676.0,goi_dien,mien_trung,0
52,59.0,1,45,470.0,email,mien_nam,0
22,5.6,20,40,839.0,quang_cao,mien_bac,1
24,19.6,1,208,408.0,goi_dien,mien_bac,0
54,50.0,3,195,757.0,sms,mien_bac,0
57,50.9,0,258,370.0,goi_dien,mien_bac,0
44,44.9,1,297,397.0,quang_cao,mien_nam,0
59,32.6,17,187,674.0,sms,mien_bac,1
48,32.3,15,212,832.0,quang_cao,mien_bac,1
38,4.5,6,132,415.0,quang_cao,mien_nam,0
70,46.0,0,287,304.0,sms,mien_bac,0
57,24.0,1,256,550.0,quang_cao,mien_trung,0
37,55.3,19,2,778.0,quang_cao,mien_bac,1
62,46.4,7,299,323.0,quang_cao,mien_bac,0
18,28.8,17,73,702.0,quang_cao,mien_bac,0
30,21.2,2,179,332.0,email,mien_trung,0
39,14.5,13,55,801.0,goi_dien,mien_trung,1
35,54.6,7,175,398.0,sms,mien_trung,0
24,51.7,2,268,301.0,goi_dien,mien_nam,0
61,47.6,18,318,408.0,email,mien_trung,0
33,4.4,20,53,469.0,goi_dien,mien_bac,1
56,52.4,11,250,560.0,sms,mien_nam,0
27,31.7,17,132,501.0,email,mien_nam,1
34,49.0,5,177,677.0,sms,mien_nam,0
32,4.9,14,191,591.0,quang_cao,mien_trung,0
23,36.7,19,255,359.0,sms,mien_trung,1
32,30.5,18,300,583.0,email,mien_nam,1
51,49.0,20,163,361.0,email,mien_trung,1
39,16.1,4,191,746.0,quang_cao,mien_nam,0
19,35.2,11,331,679.0,quang_cao,mien_nam,0
70,53.5,14,201,686.0,sms,mien_nam,1
29,52.4,19,123,691.0,sms,mien_trung,1
43,11.8,6,104,637.0,email,mien_nam,1
20,57.5,0,320,848.0,email,mien_bac,0
23,9.3,17,88,529.0,sms,mien_bac,1
26,44.3,6,34,634.0,sms,mien_nam,1
28,29.8,9,274,643.0,sms,mien_trung,0
52,21.4,8,213,677.0,quang_cao,mien_bac,0
48,49.5,13,6,758.0,quang_cao,mien_trung,1
68,32.5,20,145,826.0,email,,1
62,10.2,4,100,422.0,email,mien_nam,0
33,33.2,15,337,717.0,sms,mien_trung,0
55,16.8,5,112,524.0,sms,mien_bac,0
39,36.0,4,284,579.0,sms,mien_nam,0
36,32.5,19,146,463.0,sms,mien_nam,1
37,11.4,17,162,631.0,email,mien_trung,1
25,25.9,10,135,644.0,sms,mien_nam,1
42,43.0,14,326,311.0,sms,mien_trung,0
38,46.4,15,178,424.0,sms,mien_trung,1
67,34.7,1,298,523.0,goi_dien,mien_trung,0
50,23.5,19,121,331.0,email,mien_trung,1
41,22.7,16,268,500.0,goi_dien,mien_bac,1
30,7.8,11,178,649.0,email,mien_nam,1
68,6.5,20,13,739.0,email,mien_trung,1
45,39.6,12,191,466.0,goi_dien,mien_trung,1
49,8.2,10,210,403.0,email,mien_trung,0
58,11.4,2,245,603.0,sms,mien_nam,0
44,41.1,18,32,430.0,quang_cao,mien_bac,1
45,16.5,1,362,807.0,sms,mien_trung,0
42,34.2,10,29,828.0,goi_dien,mien_bac,1
19,27.3,12,360,635.0,quang_cao,mien_bac,0
34,28.1,20,124,585.0,goi_dien,mien_trung,1
37,22.5,18,66,616.0,sms,mien_bac,1
60,27.5,18,279,697.0,email,mien_trung,1
19,5.1,2,128,808.0,quang_cao,mien_nam,0
42,52.5,18,264,685.0,email,mien_nam,1
20,19.6,11,19,527.0,quang_cao,mien_trung,1
52,7.7,19,324,564.0,sms,mien_bac,0
20,38.1,6,66,763.0,goi_dien,mien_trung,1
37,16.6,0,2,605.0,goi_dien,mien_bac,1
40,29.0,0,133,578.0,goi_dien,mien_bac,0
23,16.8,18,313,345.0,quang_cao,mien_nam,0
29,14.6,2,212,820.0,goi_dien,mien_bac,0
18,43.6,20,45,675.0,quang_cao,mien_nam,1
21,31.7,12,299,686.0,email,mien_nam,0
70,5.1,4,172,683.0,sms,mien_trung,0
19,41.7,5,197,479.0,quang_cao,mien_trung,0
47,54.7,18,158,734.0,email,mien_bac,1
65,7.6,12,288,812.0,goi_dien,mien_bac,1
43,55.2,11,299,483.0,email,mien_nam,0
21,58.2,5,55,305.0,goi_dien,mien_trung,1
18,21.7,1,291,600.0,sms,mien_trung,0
61,7.7,11,111,840.0,goi_dien,mien_nam,1
67,26.0,12,174,397.0,email,mien_trung,0
61,52.1,1,34,312.0,sms,mien_trung,0
21,58.5,2,282,744.0,email,mien_bac,0
53,49.5,15,362,306.0,goi_dien,mien_nam,0
35,40.7,18,326,626.0,email,mien_trung,1
37,27.9,17,304,544.0,sms,mien_bac,0
27,31.3,18,45,692.0,sms,mien_trung,1
42,11.4,1,272,610.0,email,mien_bac,0
56,14.5,1,8,314.0,goi_dien,mien_bac,0
66,24.7,6,283,416.0,sms,mien_nam,0
69,15.7,9,43,662.0,goi_dien,mien_nam,1
55,35.9,9,219,760.0,goi_dien,mien_trung,1
46,19.0,14,325,696.0,quang_cao,mien_trung,0
32,37.3,8,56,481.0,quang_cao,mien_trung,1
34,54.1,20,210,485.0,goi_dien,mien_trung,1
39,21.7,5,68,551.0,quang_cao,mien_bac,0
32,21.6,4,140,838.0,sms,mien_nam,0
33,28.9,17,178,683.0,goi_dien,mien_nam,1
59,5.6,15,235,625.0,goi_dien,mien_trung,1
40,14.6,15,183,392.0,email,mien_trung,0
33,14.2,3,53,488.0,quang_cao,mien_nam,0
41,48.1,19,217,665.0,email,mien_trung,1
41,42.2,11,305,670.0,quang_cao,mien_bac,0
60,,7,280,385.0,quang_cao,mien_trung,0
40,4.1,19,325,839.0,sms,mien_bac,1
55,22.4,9,235,436.0,goi_dien,mien_nam,0
51,29.8,13,199,413.0,email,mien_trung,0
35,24.8,12,299,489.0,goi_dien,mien_bac,0
64,33.0,11,203,753.0,sms,mien_trung,1
60,47.1,13,159,656.0,email,mien_bac,1
31,50.0,14,254,465.0,sms,mien_bac,0
31,46.5,14,31,468.0,sms,mien_nam,1
68,54.3,10,179,395.0,goi_dien,mien_bac,1
56,8.5,0,128,714.0,sms,mien_nam,0
43,53.8,16,337,840.0,sms,mien_trung,1
65,40.7,7,183,691.0,goi_dien,mien_bac,1
19,55.6,14,114,330.0,sms,mien_nam,1
55,24.6,0,79,317.0,sms,mien_trung,0
52,27.6,1,130,807.0,goi_dien,mien_nam,0
30,50.8,0,158,503.0,quang_cao,mien_trung,0
66,36.1,5,43,578.0,email,mien_bac,1
31,47.3,10,196,746.0,quang_cao,mien_bac,1
25,12.6,14,212,845.0,sms,mien_nam,1
19,58.5,10,305,619.0,quang_cao,mien_bac,0
42,48.8,14,36,408.0,sms,mien_bac,1
35,8.9,13,112,341.0,goi_dien,mien_trung,1
69,30.7,0,200,461.0,quang_cao,mien_trung,0
28,42.0,12,245,719.0,email,mien_trung,1
22,47.8,1,210,459.0,goi_dien,mien_trung,0
22,42.5,6,300,470.0,email,mien_trung,0
20,41.4,3,8,805.0,goi_dien,mien_bac,1
27,35.6,11,133,362.0,email,mien_trung,0
18,51.4,2,255,717.0,email,mien_trung,0
34,17.3,5,192,647.0,email,mien_bac,0
40,54.0,12,211,443.0,quang_cao,mien_bac,0
61,44.4,15,22,829.0,goi_dien,mien_trung,1
58,54.1,8,175,390.0,sms,mien_trung,1
20,22.7,14,169,742.0,sms,mien_bac,1
67,22.2,2,266,406.0,quang_cao,,0
18,31.0,20,342,573.0,sms,mien_nam,1
35,15.2,13,254,758.0,quang_cao,mien_trung,0
55,20.7,12,30,819.0,email,mien_trung,1
26,27.7,4,318,522.0,email,mien_bac,0
43,47.1,12,350,657.0,email,mien_bac,0
30,59.7,11,144,740.0,goi_dien,mien_bac,1
37,12.0,16,240,589.0,email,mien_trung,1
39,6.0,0,236,804.0,quang_cao,mien_bac,0
46,21.5,8,33,617.0,goi_dien,mien_nam,1
62,8.3,7,175,809.0,email,mien_trung,0
33,34.9,0,130,739.0,email,mien_trung,0
32,4.1,19,294,783.0,goi_dien,mien_nam,1
18,5.4,20,270,436.0,email,mien_trung,1
51,58.7,18,5,772.0,quang_cao,mien_trung,1
59,32.3,15,177,656.0,email,mien_nam,0
70,50.4,20,231,496.0,email,mien_trung,1
37,,19,15,495.0,goi_dien,mien_nam,1
55,24.1,11,178,847.0,quang_cao,mien_nam,1
64,52.2,15,281,713.0,sms,mien_nam,1
57,57.9,16,139,491.0,goi_dien,mien_nam,1
38,48.7,10,295,445.0,sms,mien_bac,0
38,29.1,3,316,367.0,sms,mien_bac,0
66,50.5,2,63,312.0,sms,mien_trung,0
40,11.0,2,20,440.0,quang_cao,mien_nam,0
70,32.3,9,335,441.0,sms,mien_trung,0
21,28.7,16,124,600.0,email,mien_nam,1
66,52.3,17,157,377.0,goi_dien,mien_bac,1
31,17.5,1,355,596.0,sms,mien_bac,0
25,8.8,8,260,769.0,goi_dien,mien_trung,0
28,5.6,0,183,453.0,sms,mien_bac,0
69,40.8,8,101,775.0,email,mien_nam,1
65,32.6,6,185,840.0,email,mien_nam,1
56,37.0,5,47,633.0,quang_cao,mien_bac,1
66,41.3,6,89,309.0,quang_cao,mien_trung,0
57,23.2,1,312,397.0,email,mien_bac,0
56,29.1,2,230,520.0,quang_cao,mien_trung,0
61,10.0,13,61,523.0,email,mien_nam,1
38,33.4,6,47,333.0,sms,mien_bac,0
68,30.7,0,29,407.0,quang_cao,mien_nam,0
23,38.2,9,172,780.0,quang_cao,mien_bac,1
43,37.5,14,130,453.0,goi_dien,mien_trung,1
40,10.3,16,50,756.0,quang_cao,mien_trung,1
55,43.0,18,257,770.0,quang_cao,mien_nam,1
27,10.4,13,96,705.0,email,mien_bac,1
58,43.1,0,202,585.0,quang_cao,mien_trung,0
48,44.7,3,285,692.0,email,mien_nam,0
35,,13,92,712.0,email,mien_trung,1
58,23.6,1,27,452.0,email,mien_bac,0
69,6.4,7,216,524.0,sms,mien_nam,0
61,45.9,17,113,819.0,sms,mien_nam,1
52,18.8,6,59,355.0,sms,mien_trung,0
59,11.7,4,203,482.0,quang_cao,mien_bac,0
33,11.0,4,265,817.0,goi_dien,mien_bac,0
70,20.3,15,322,317.0,goi_dien,mien_trung,1
39,10.3,13,244,815.0,email,mien_nam,1
27,49.8,9,359,541.0,email,mien_bac,0
28,23.9,13,221,493.0,quang_cao,mien_trung,0
27,41.9,5,125,432.0,email,mien_nam,0
51,51.8,6,148,729.0,email,mien_nam,1
43,7.1,5,309,556.0,goi_dien,mien_bac,0
55,39.5,7,252,373.0,quang_cao,mien_bac,0
68,32.4,13,355,340.0,goi_dien,mien_bac,0
64,49.8,9,251,606.0,goi_dien,mien_nam,1
58,15.8,19,260,715.0,quang_cao,mien_bac,1
61,55.2,13,106,693.0,email,mien_bac,1
53,15.6,3,76,820.0,goi_dien,mien_bac,1
49,44.9,11,207,444.0,sms,mien_nam,0
27,59.5,4,242,548.0,goi_dien,mien_trung,0
28,9.4,7,274,441.0,goi_dien,mien_bac,0
39,5.8,9,41,355.0,sms,mien_bac,0
21,37.3,8,278,503.0,goi_dien,mien_trung,0
23,12.8,9,232,663.0,quang_cao,mien_trung,0
58,12.5,4,229,654.0,goi_dien,mien_bac,0
69,34.2,3,345,468.0,quang_cao,mien_nam,0
67,19.4,5,196,383.0,sms,mien_nam,0
43,42.5,20,327,482.0,goi_dien,mien_trung,1
49,24.5,3,297,614.0,email,mien_bac,0
58,39.5,1,280,549.0,goi_dien,mien_bac,0
56,38.1,7,145,665.0,email,mien_nam,1
43,37.0,2,324,398.0,quang_cao,mien_trung,0
56,4.8,12,338,715.0,email,mien_bac,0
31,12.2,8,234,325.0,sms,mien_nam,0
45,41.0,16,163,401.0,sms,mien_nam,1
33,57.7,7,278,451.0,quang_cao,mien_bac,0
32,40.3,8,134,512.0,email,mien_trung,1
38,10.8,8,50,830.0,goi_dien,mien_nam,1
50,7.8,2,210,467.0,email,mien_trung,0
21,4.9,19,96,497.0,goi_dien,mien_nam,1
59,41.4,6,308,662.0,sms,mien_trung,0
59,37.9,17,237,412.0,email,mien_trung,1
57,44.0,17,297,561.0,email,mien_nam,1
53,7.5,13,26,823.0,goi_dien,mien_trung,1
48,48.3,15,215,362.0,quang_cao,mien_trung,0
42,6.6,17,176,718.0,goi_dien,mien_trung,1
21,20.3,18,154,468.0,goi_dien,mien_trung,0
51,53.5,11,156,806.0,email,mien_bac,1
48,56.0,13,59,751.0,email,mien_bac,1
30,28.4,11,362,535.0,goi_dien,mien_nam,0
52,43.5,0,260,590.0,email,mien_nam,0
46,52.5,16,192,350.0,sms,mien_bac,1
44,27.8,3,354,429.0,sms,mien_bac,0
59,24.0,5,353,398.0,sms,mien_bac,0
49,14.6,6,108,722.0,email,mien_nam,1
57,57.4,9,210,538.0,email,mien_bac,0
19,55.9,11,153,489.0,email,mien_trung,1
61,12.6,6,77,553.0,sms,mien_bac,0
26,30.3,13,7,501.0,quang_cao,mien_nam,1
55,13.2,16,122,616.0,sms,mien_bac,1
45,58.1,19,131,543.0,sms,mien_bac,1
66,46.4,18,260,675.0,goi_dien,mien_bac,1
65,52.5,1,179,628.0,sms,mien_nam,0
42,51.4,20,326,565.0,quang_cao,mien_nam,1
28,11.7,2,,698.0,email,mien_nam,0
29,57.0,6,175,333.0,email,mien_nam,0
41,23.3,8,254,413.0,sms,mien_nam,0
46,4.3,2,242,379.0,email,mien_trung,0
37,37.9,14,154,547.0,quang_cao,mien_nam,1
23,31.6,14,280,667.0,email,mien_nam,1
61,37.3,0,181,723.0,goi_dien,mien_nam,0
24,48.0,3,49,694.0,quang_cao,mien_bac,1
63,14.7,16,121,486.0,sms,mien_trung,1
27,8.7,8,9,831.0,email,mien_bac,1
56,47.3,0,211,455.0,email,mien_bac,0
32,22.6,8,201,674.0,goi_dien,mien_nam,1
24,20.0,2,43,326.0,quang_cao,mien_trung,0
21,4.8,13,9,457.0,email,mien_bac,1
48,53.7,20,38,513.0,quang_cao,mien_trung,1
28,58.5,8,335,699.0,sms,mien_bac,0
49,35.2,19,264,314.0,email,mien_nam,1
34,43.7,8,365,471.0,email,mien_nam,0
20,29.9,1,143,676.0,quang_cao,mien_nam,0
67,19.2,12,321,729.0,quang_cao,mien_bac,0
53,5.9,17,49,445.0,sms,mien_nam,1
65,48.7,2,41,837.0,email,mien_bac,1
70,53.8,12,58,401.0,quang_cao,mien_trung,1
30,51.2,19,211,342.0,quang_cao,mien_nam,1
39,6.0,17,61,611.0,email,mien_nam,1
41,32.9,8,262,331.0,quang_cao,mien_bac,0
39,55.4,7,313,769.0,sms,mien_bac,0
25,33.8,5,295,654.0,goi_dien,mien_trung,0
59,48.0,13,238,695.0,sms,mien_nam,1
34,29.4,10,207,401.0,email,mien_nam,0
26,29.9,2,84,496.0,sms,mien_nam,0
27,58.6,9,91,711.0,quang_cao,mien_bac,1
18,34.1,6,362,327.0,goi_dien,mien_bac,0
32,25.2,11,153,427.0,email,mien_nam,1
24,15.1,6,80,576.0,quang_cao,mien_trung,0
34,57.1,18,25,808.0,email,mien_bac,0
19,24.5,16,258,642.0,email,mien_nam,1
51,19.9,11,59,593.0,quang_cao,mien_trung,1
56,5.5,20,163,357.0,quang_cao,mien_trung,1
57,39.1,18,22,785.0,email,mien_nam,1
58,31.3,15,70,770.0,email,mien_bac,1
26,21.4,15,115,300.0,quang_cao,mien_bac,1
22,53.3,12,326,699.0,sms,mien_bac,0
31,57.9,9,262,655.0,sms,mien_trung,0
67,43.6,11,79,361.0,quang_cao,mien_nam,1
46,21.2,12,133,687.0,email,mien_nam,1
68,34.2,10,10,620.0,email,mien_nam,1
22,15.9,11,80,309.0,email,mien_trung,0
36,14.4,0,179,369.0,email,mien_bac,0
32,39.6,10,114,575.0,quang_cao,mien_nam,1
36,27.7,16,204,632.0,email,mien_nam,1
60,22.9,18,218,807.0,goi_dien,mien_nam,1
69,51.2,16,202,411.0,goi_dien,mien_nam,1
45,5.9,6,354,834.0,email,mien_nam,0
31,43.5,18,251,406.0,sms,mien_nam,1
38,59.0,14,56,682.0,quang_cao,mien_bac,1
67,42.3,0,176,730.0,goi_dien,mien_trung,0
70,48.3,10,65,637.0,email,mien_trung,1
51,5.1,1,190,508.0,goi_dien,mien_nam,0
30,51.2,4,71,589.0,goi_dien,mien_trung,1
24,43.3,19,51,779.0,sms,mien_trung,1
65,30.5,10,49,518.0,quang_cao,mien_bac,1
36,31.6,3,86,364.0,quang_cao,mien_bac,0
49,30.8,10,2,550.0,email,mien_nam,1
39,6.0,4,137,344.0,email,mien_nam,0
50,29.5,8,116,673.0,quang_cao,mien_nam,1
68,34.8,15,214,403.0,email,mien_bac,1
26,42.4,18,174,708.0,sms,mien_nam,1
24,17.5,6,299,370.0,sms,mien_nam,0
24,50.5,15,360,713.0,goi_dien,mien_nam,1
53,13.0,8,178,560.0,goi_dien,mien_nam,0
19,13.6,3,150,544.0,email,mien_bac,0
32,58.4,11,285,488.0,goi_dien,mien_bac,0
55,50.7,16,357,539.0,goi_dien,mien_nam,1
19,21.2,16,80,306.0,goi_dien,mien_nam,1
48,10.4,12,145,499.0,sms,mien_nam,1
57,21.2,10,353,310.0,goi_dien,mien_bac,0
31,45.6,8,168,595.0,email,mien_nam,1
42,14.4,12,256,500.0,email,mien_nam,0
50,34.3,20,122,711.0,quang_cao,mien_trung,1
38,4.3,19,263,544.0,sms,mien_nam,1
24,40.4,8,206,388.0,quang_cao,mien_trung,0
62,41.8,9,44,364.0,sms,mien_trung,1
21,12.9,4,257,652.0,email,mien_trung,0
34,12.2,3,89,774.0,quang_cao,mien_bac,0
67,49.4,15,323,355.0,goi_dien,mien_nam,0
33,39.3,9,355,732.0,goi_dien,mien_bac,0
44,20.2,2,111,601.0,quang_cao,mien_trung,0
27,56.3,10,242,360.0,sms,mien_nam,0
47,47.6,5,304,789.0,quang_cao,mien_bac,0
25,11.7,12,90,572.0,email,mien_bac,1
50,54.1,18,110,828.0,sms,mien_trung,1
58,48.1,20,324,553.0,goi_dien,mien_bac,1
39,26.7,17,226,383.0,email,mien_bac,1
54,38.7,5,48,692.0,sms,mien_bac,1
29,16.9,0,296,361.0,email,mien_bac,0
25,47.5,19,246,351.0,email,mien_bac,0
63,14.5,9,170,555.0,goi_dien,mien_nam,1
20,49.7,19,147,405.0,sms,mien_trung,0
45,29.7,10,163,426.0,sms,mien_bac,1
50,19.4,13,59,435.0,quang_cao,mien_bac,1
53,10.9,13,108,721.0,email,mien_nam,1
23,54.0,15,273,352.0,goi_dien,mien_trung,0
61,30.5,16,73,329.0,quang_cao,mien_bac,1
69,21.2,1,323,809.0,goi_dien,mien_nam,0
43,29.0,12,164,592.0,goi_dien,mien_bac,1
19,15.8,12,82,485.0,email,mien_bac,1
27,27.7,0,283,729.0,quang_cao,mien_bac,0
69,47.9,16,62,714.0,goi_dien,mien_trung,1
43,45.8,15,238,504.0,sms,mien_nam,1
21,25.4,7,189,550.0,sms,mien_nam,0
18,59.8,11,203,668.0,goi_dien,mien_bac,1
42,7.7,2,134,337.0,quang_cao,mien_trung,1
30,17.2,8,333,724.0,goi_dien,mien_trung,0
52,17.7,18,158,619.0,email,mien_nam,1
62,51.0,11,354,690.0,sms,mien_bac,0
58,58.3,20,262,703.0,email,mien_nam,1
59,58.4,17,90,560.0,quang_cao,mien_nam,1
32,36.0,11,91,490.0,quang_cao,mien_bac,1
58,37.2,9,60,357.0,goi_dien,mien_bac,1
54,52.5,5,197,493.0,quang_cao,mien_trung,0
60,52.6,13,105,405.0,quang_cao,mien_nam,1
57,8.5,10,251,589.0,quang_cao,mien_trung,0
23,8.0,8,54,553.0,sms,mien_trung,1
46,27.4,4,3,301.0,goi_dien,mien_bac,1
49,58.4,6,327,399.0,sms,mien_bac,0
49,53.3,17,30,799.0,email,mien_nam,1
45,48.4,2,330,650.0,email,mien_nam,0
34,12.4,14,227,649.0,email,mien_trung,1
18,9.1,9,92,409.0,quang_cao,mien_nam,0
49,54.7,13,13,491.0,quang_cao,mien_trung,1
47,14.3,18,143,787.0,sms,mien_nam,1
50,48.2,2,125,589.0,quang_cao,mien_trung,0
49,26.2,3,11,818.0,quang_cao,mien_nam,1
62,8.2,14,130,750.0,email,mien_nam,1
47,10.8,8,150,789.0,quang_cao,mien_trung,0
68,6.1,12,97,505.0,sms,mien_nam,1
37,54.1,6,192,482.0,quang_cao,mien_trung,0
30,31.3,15,30,415.0,goi_dien,mien_trung,1
49,24.8,2,155,606.0,quang_cao,mien_nam,0
23,48.9,12,28,499.0,quang_cao,mien_bac,1
55,39.1,1,142,709.0,sms,mien_nam,0
64,9.8,8,312,412.0,sms,mien_trung,0
18,50.1,20,193,470.0,sms,mien_bac,1
42,5.9,5,260,465.0,quang_cao,mien_nam,0
37,34.0,8,267,799.0,sms,mien_trung,0
66,23.1,20,146,598.0,quang_cao,mien_nam,1
59,40.0,2,318,747.0,email,mien_trung,0
32,38.7,9,328,367.0,sms,mien_trung,0
25,46.0,20,182,315.0,quang_cao,mien_trung,1
44,15.0,13,169,667.0,goi_dien,mien_trung,1
21,48.8,2,127,484.0,email,mien_nam,0
22,55.5,5,133,422.0,sms,mien_trung,0
36,49.4,10,76,389.0,goi_dien,mien_trung,1
69,48.9,5,262,406.0,quang_cao,mien_bac,0
44,56.1,11,107,503.0,email,mien_nam,1
36,23.5,20,264,480.0,goi_dien,mien_bac,1
18,37.0,9,233,532.0,sms,mien_nam,0
42,15.1,11,33,731.0,goi_dien,mien_trung,1
52,13.4,3,165,748.0,quang_cao,mien_bac,0
35,24.2,16,313,340.0,sms,mien_trung,0
33,21.6,11,326,504.0,goi_dien,mien_bac,0
23,13.5,4,52,343.0,quang_cao,mien_trung,0
34,54.1,2,325,399.0,goi_dien,mien_trung,0
64,54.6,8,123,392.0,quang_cao,mien_nam,0
31,20.1,8,7,822.0,goi_dien,mien_nam,1
44,36.3,16,61,417.0,email,mien_bac,1
65,39.2,6,125,522.0,quang_cao,mien_trung,0
54,12.5,9,173,632.0,email,mien_trung,0
20,10.2,20,347,451.0,sms,mien_bac,0
18,6.6,11,248,501.0,quang_cao,mien_trung,0
47,27.7,9,290,423.0,goi_dien,mien_trung,0
34,10.3,20,228,509.0,sms,mien_nam,1
49,55.7,13,285,682.0,email,mien_bac,1
43,50.5,13,244,360.0,email,mien_bac,0
45,16.8,13,181,720.0,email,mien_nam,1
25,26.3,5,181,390.0,sms,mien_trung,0
24,24.7,19,100,726.0,sms,mien_nam,1
40,48.0,18,68,454.0,sms,mien_trung,1
58,8.1,20,210,600.0,email,mien_nam,1
59,4.3,20,363,381.0,email,mien_trung,0
40,35.3,6,17,817.0,quang_cao,mien_nam,1
64,35.8,9,8,354.0,sms,mien_trung,1
34,20.8,11,288,703.0,goi_dien,mien_nam,0
23,36.8,4,82,524.0,sms,mien_trung,0
44,20.7,6,295,767.0,sms,mien_bac,0
52,35.5,19,214,702.0,email,mien_trung,1
37,35.9,11,261,392.0,quang_cao,mien_bac,0
21,45.2,10,292,622.0,email,mien_trung,0
18,25.9,18,8,777.0,email,mien_nam,1
55,27.5,16,320,680.0,quang_cao,mien_trung,0
18,49.1,4,201,413.0,email,mien_trung,0
58,10.7,13,243,309.0,quang_cao,mien_bac,0
38,51.7,9,30,498.0,goi_dien,mien_bac,1
52,16.1,10,76,426.0,email,mien_nam,1
65,36.0,4,154,737.0,goi_dien,mien_nam,1
24,6.1,6,237,769.0,email,mien_trung,0
55,35.6,17,118,664.0,quang_cao,mien_bac,1
23,18.0,16,156,603.0,goi_dien,mien_bac,1
34,36.2,14,169,420.0,goi_dien,mien_trung,1
64,6.4,10,236,783.0,goi_dien,mien_nam,1
63,14.1,18,60,489.0,quang_cao,mien_bac,1
38,8.6,11,148,439.0,goi_dien,mien_trung,0
41,49.1,11,72,771.0,quang_cao,mien_bac,1
20,18.7,18,21,837.0,email,mien_trung,1
50,26.8,3,287,654.0,sms,mien_bac,0
54,12.0,17,16,478.0,quang_cao,mien_nam,1
60,17.6,2,24,713.0,goi_dien,mien_bac,1
41,21.1,15,298,537.0,email,mien_trung,0
21,48.4,11,283,388.0,email,mien_bac,0
45,15.1,6,95,642.0,sms,mien_bac,0
43,38.1,17,29,302.0,sms,mien_nam,1
19,39.6,19,147,312.0,quang_cao,mien_bac,1
35,39.2,13,338,576.0,sms,mien_nam,0
67,57.3,9,227,500.0,goi_dien,mien_trung,0
36,10.7,9,324,310.0,sms,mien_nam,0
23,36.4,6,104,542.0,goi_dien,mien_bac,1
49,31.9,19,335,806.0,quang_cao,mien_nam,1
56,30.7,10,100,422.0,email,mien_trung,1
32,22.5,17,28,576.0,goi_dien,mien_nam,1
46,5.3,9,82,362.0,email,mien_trung,0
60,33.0,18,292,532.0,goi_dien,mien_bac,1
33,31.1,9,354,732.0,quang_cao,mien_trung,0
21,5.4,4,53,520.0,goi_dien,mien_bac,0
34,31.7,2,9,688.0,sms,mien_bac,1
42,21.7,0,212,528.0,goi_dien,mien_nam,0
36,49.4,4,268,704.0,quang_cao,mien_nam,0
64,55.3,16,44,369.0,email,mien_bac,1
40,53.6,16,333,535.0,email,mien_nam,1
60,18.6,9,32,623.0,email,mien_bac,1
27,13.8,0,76,801.0,quang_cao,mien_trung,0
65,27.9,5,297,632.0,quang_cao,mien_nam,0
46,26.1,18,257,737.0,sms,mien_nam,1
21,19.7,9,232,584.0,email,mien_trung,0
43,40.9,15,199,586.0,quang_cao,mien_nam,1
20,36.5,14,69,761.0,email,mien_nam,1
29,25.6,1,132,544.0,quang_cao,mien_trung,0
63,19.4,5,164,330.0,goi_dien,mien_nam,0
26,40.0,3,309,463.0,quang_cao,mien_nam,0
51,37.4,12,142,405.0,email,mien_nam,1
58,49.8,13,109,344.0,goi_dien,mien_trung,1
29,52.3,12,325,809.0,quang_cao,mien_bac,0
34,52.0,20,127,405.0,goi_dien,mien_nam,1
41,48.2,5,144,737.0,email,mien_trung,1
57,44.3,14,278,388.0,quang_cao,mien_nam,0
36,18.7,9,291,519.0,quang_cao,mien_nam,0
57,17.9,7,91,591.0,sms,mien_nam,1
31,15.3,12,27,607.0,email,mien_bac,1
19,17.2,9,174,803.0,quang_cao,mien_bac,0
34,25.2,2,328,345.0,sms,mien_trung,0
35,48.8,17,223,645.0,quang_cao,mien_trung,1
40,32.6,12,249,715.0,email,mien_bac,1
64,33.5,13,26,455.0,email,mien_bac,1
39,35.2,17,363,591.0,email,mien_bac,0
59,18.1,7,351,378.0,email,mien_bac,1
31,56.8,15,352,829.0,email,mien_bac,1
61,39.3,14,5,362.0,quang_cao,mien_bac,1
46,32.4,3,81,834.0,quang_cao,mien_trung,0
23,23.8,11,166,518.0,email,mien_trung,0
66,59.4,3,260,721.0,email,mien_nam,0
49,21.6,7,91,799.0,email,mien_trung,1
25,56.5,18,58,482.0,sms,mien_bac,1
56,29.9,8,106,436.0,email,mien_trung,0
37,22.7,9,241,333.0,goi_dien,mien_trung,0
36,35.5,0,328,508.0,quang_cao,mien_nam,0
19,7.5,8,263,819.0,email,mien_nam,0
25,42.3,13,195,599.0,sms,mien_nam,1
63,51.5,17,301,561.0,email,mien_bac,1
32,58.5,16,61,377.0,sms,mien_nam,1
32,47.0,10,135,758.0,quang_cao,mien_trung,1
51,44.9,5,168,816.0,email,mien_bac,1
63,59.6,19,103,808.0,goi_dien,mien_nam,1
20,53.8,12,49,544.0,sms,mien_trung,1
50,47.0,19,5,479.0,sms,mien_trung,1
50,27.5,9,333,479.0,sms,mien_trung,0
26,15.2,10,275,797.0,sms,mien_bac,0
47,41.8,0,98,646.0,email,mien_trung,0
60,42.8,10,229,482.0,goi_dien,mien_bac,0
38,46.0,3,57,697.0,quang_cao,mien_nam,1
21,50.0,18,8,582.0,quang_cao,mien_trung,1
57,18.7,12,98,398.0,email,mien_nam,1
33,9.9,16,30,632.0,email,mien_bac,1
38,22.1,4,357,671.0,email,mien_bac,0
55,39.1,3,82,356.0,email,mien_nam,0
56,34.3,15,231,736.0,sms,mien_nam,1
20,44.5,14,187,769.0,quang_cao,mien_trung,1
69,21.3,18,99,495.0,sms,mien_nam,1
61,46.2,0,109,761.0,goi_dien,mien_bac,1
27,15.1,6,332,842.0,email,mien_bac,0
64,37.0,16,168,787.0,goi_dien,mien_nam,1
42,8.5,2,126,560.0,quang_cao,mien_bac,0
40,12.8,16,267,427.0,email,mien_trung,0
40,21.8,10,188,431.0,sms,mien_trung,0
53,40.7,18,67,568.0,quang_cao,mien_trung,1
18,7.0,11,207,300.0,goi_dien,mien_trung,0
62,37.6,2,91,706.0,quang_cao,mien_nam,0
18,53.8,3,80,616.0,quang_cao,mien_nam,0
33,21.1,3,299,501.0,sms,mien_bac,0
53,46.7,1,245,531.0,goi_dien,mien_trung,0
29,24.9,17,294,300.0,quang_cao,mien_nam,0
28,8.5,11,202,721.0,quang_cao,mien_nam,0
28,37.8,18,278,778.0,quang_cao,mien_trung,1
51,52.4,2,212,819.0,email,mien_bac,0
50,6.7,14,141,823.0,email,mien_bac,1
58,24.0,16,147,403.0,goi_dien,mien_bac,1
49,32.2,15,117,496.0,quang_cao,mien_bac,1
55,44.7,6,257,486.0,sms,mien_trung,0
53,27.2,20,334,565.0,email,mien_trung,1
42,14.5,8,57,779.0,goi_dien,mien_bac,1
67,4.3,8,102,719.0,goi_dien,mien_nam,1
35,49.5,11,257,335.0,quang_cao,mien_nam,0
29,39.1,13,232,770.0,goi_dien,mien_nam,1
37,20.1,10,180,673.0,sms,mien_trung,0
39,25.8,19,354,651.0,quang_cao,mien_nam,0
48,20.5,18,157,680.0,quang_cao,mien_trung,1
44,8.0,1,99,526.0,sms,mien_trung,0
25,53.9,9,277,533.0,sms,mien_nam,0
56,43.8,17,15,789.0,email,mien_bac,1
53,24.0,7,158,672.0,quang_cao,mien_nam,0
60,12.5,0,327,580.0,quang_cao,mien_nam,0
37,59.7,16,197,359.0,email,mien_nam,1
26,28.7,14,67,471.0,sms,mien_nam,1
33,10.1,19,206,601.0,goi_dien,mien_trung,1
53,6.4,6,12,753.0,sms,mien_bac,1
49,45.2,19,114,445.0,email,mien_nam,1
51,13.6,2,245,850.0,email,mien_bac,0
41,11.5,10,45,841.0,email,mien_trung,1
67,40.3,1,193,594.0,quang_cao,mien_trung,0
69,52.3,7,138,594.0,quang_cao,mien_nam,0
40,51.9,4,157,840.0,quang_cao,mien_trung,1
44,58.1,15,114,767.0,email,mien_bac,1
30,55.8,8,226,698.0,quang_cao,mien_bac,0
49,55.7,1,143,700.0,goi_dien,mien_nam,0
28,13.1,15,360,409.0,email,mien_trung,0
60,7.6,18,356,836.0,email,mien_bac,1
49,43.7,0,241,590.0,goi_dien,mien_nam,0
18,42.7,13,166,663.0,email,mien_bac,1
19,8.0,12,126,786.0,email,mien_bac,1
64,55.6,12,69,424.0,goi_dien,mien_bac,1
40,20.5,0,165,401.0,sms,mien_trung,0
50,28.3,19,222,334.0,email,mien_trung,1
30,40.1,19,334,523.0,goi_dien,mien_trung,1
23,27.1,8,111,310.0,email,mien_bac,0
52,6.6,3,113,698.0,sms,mien_bac,0
66,25.9,5,300,611.0,quang_cao,mien_nam,0
61,56.3,1,315,597.0,quang_cao,mien_trung,0
23,7.8,14,75,526.0,quang_cao,mien_trung,1
51,28.5,7,316,340.0,sms,mien_bac,0
58,49.6,6,296,691.0,email,mien_bac,0
55,35.0,20,230,716.0,goi_dien,mien_trung,1
23,41.4,12,326,780.0,goi_dien,mien_nam,1
62,26.0,5,107,439.0,goi_dien,mien_bac,0
57,15.5,7,92,665.0,sms,mien_trung,0
60,47.9,15,97,743.0,quang_cao,mien_nam,1
69,48.8,10,250,537.0,email,mien_nam,0
23,8.4,6,346,655.0,email,mien_bac,0
35,8.3,17,90,819.0,sms,mien_nam,1
32,49.9,11,96,719.0,email,mien_trung,1
43,35.7,4,145,801.0,sms,mien_bac,0
56,11.4,7,356,422.0,sms,mien_trung,0
20,40.9,19,64,708.0,sms,mien_trung,1
51,45.3,13,188,440.0,quang_cao,mien_nam,0
66,53.0,17,106,818.0,goi_dien,mien_trung,1
65,51.4,3,227,709.0,sms,mien_trung,0
31,40.7,4,91,401.0,email,mien_bac,0
30,23.2,3,229,805.0,email,mien_bac,0
45,18.8,15,320,752.0,sms,mien_trung,0
29,10.9,12,347,495.0,email,mien_trung,0
35,15.2,15,240,772.0,quang_cao,mien_trung,1
67,39.5,17,298,518.0,email,mien_nam,1
39,25.3,8,46,684.0,goi_dien,mien_nam,1
69,7.5,1,57,520.0,quang_cao,mien_bac,0
60,46.8,3,21,646.0,email,mien_bac,1
68,36.1,19,153,544.0,quang_cao,mien_bac,1
25,42.1,3,120,481.0,quang_cao,mien_nam,0
47,19.7,7,190,759.0,sms,mien_nam,0
63,28.0,8,191,376.0,sms,mien_trung,0
37,52.5,0,360,350.0,sms,mien_nam,0
46,42.0,20,329,396.0,goi_dien,mien_bac,1
44,59.8,14,87,637.0,sms,mien_trung,1
50,31.4,2,53,486.0,quang_cao,mien_trung,0
64,37.8,16,169,460.0,sms,mien_trung,1
27,57.0,16,50,541.0,goi_dien,mien_nam,1
26,57.7,0,215,441.0,goi_dien,mien_bac,0
46,39.7,19,69,644.0,email,mien_nam,1
57,18.5,14,22,470.0,goi_dien,mien_nam,1
63,59.9,3,112,616.0,sms,mien_trung,0
50,59.6,7,142,421.0,quang_cao,mien_nam,0
67,43.1,17,341,827.0,email,mien_nam,1
58,39.4,10,322,655.0,goi_dien,mien_trung,0
24,8.2,0,30,465.0,sms,mien_bac,0
59,45.0,4,82,311.0,quang_cao,mien_trung,0
67,10.3,10,268,420.0,email,mien_bac,0
31,35.3,17,276,696.0,sms,mien_bac,1
20,40.9,3,321,469.0,quang_cao,mien_trung,0
43,43.6,14,56,326.0,sms,mien_trung,1
69,38.8,12,289,667.0,sms,mien_bac,0
23,9.8,16,115,775.0,quang_cao,mien_nam,1
21,45.9,16,222,561.0,email,mien_nam,1
46,37.5,19,162,691.0,goi_dien,mien_nam,1
70,36.1,2,331,524.0,goi_dien,mien_bac,0
53,49.0,17,230,721.0,goi_dien,mien_bac,1
47,50.1,18,54,647.0,goi_dien,mien_nam,1
19,24.5,0,250,666.0,sms,mien_trung,0
68,13.7,1,4,351.0,quang_cao,mien_nam,0
20,39.4,14,62,731.0,goi_dien,mien_trung,1
44,30.8,14,251,773.0,email,,1
54,8.4,12,70,773.0,email,mien_bac,1
46,25.2,18,156,769.0,goi_dien,mien_trung,1
50,6.5,12,84,580.0,quang_cao,mien_bac,1
65,20.5,6,321,570.0,goi_dien,mien_nam,0
38,16.2,17,231,628.0,quang_cao,mien_nam,1
29,10.5,20,342,401.0,quang_cao,mien_trung,0
35,23.9,7,78,763.0,quang_cao,mien_trung,1
65,31.3,19,294,392.0,quang_cao,mien_trung,0
19,55.1,11,240,778.0,sms,mien_nam,1
33,6.9,12,272,606.0,sms,mien_nam,0
53,12.0,12,318,560.0,goi_dien,mien_nam,0
35,52.0,6,116,425.0,goi_dien,mien_nam,1
57,22.0,11,15,677.0,quang_cao,mien_bac,1
41,50.8,8,169,341.0,email,mien_bac,0
63,55.7,8,292,648.0,quang_cao,mien_trung,0
48,23.1,20,341,403.0,goi_dien,mien_nam,1
68,6.1,1,54,720.0,quang_cao,mien_trung,0
23,48.4,2,156,,goi_dien,mien_bac,0
52,22.1,1,263,665.0,sms,mien_bac,0
66,38.4,16,92,513.0,goi_dien,mien_nam,1
41,7.5,13,199,394.0,sms,mien_bac,0
55,24.2,18,229,316.0,quang_cao,mien_bac,0
63,44.7,14,207,807.0,sms,mien_bac,1
56,27.7,2,313,598.0,sms,mien_trung,0
51,27.8,20,21,578.0,email,mien_bac,1
24,34.5,7,43,551.0,goi_dien,mien_bac,1
68,42.2,7,289,768.0,quang_cao,mien_nam,0
59,11.0,6,304,350.0,goi_dien,mien_bac,0
29,29.8,5,346,444.0,goi_dien,mien_bac,0
42,28.8,11,89,581.0,sms,mien_nam,1
49,13.1,15,260,631.0,goi_dien,mien_bac,1
65,58.9,10,21,637.0,goi_dien,mien_trung,1
56,15.4,8,292,311.0,quang_cao,mien_nam,0
26,10.5,18,132,357.0,goi_dien,mien_trung,1
68,9.6,12,315,533.0,sms,mien_bac,0
36,39.9,16,340,622.0,goi_dien,mien_nam,1
34,45.4,20,161,671.0,sms,mien_bac,1
59,27.8,6,161,310.0,goi_dien,mien_nam,0
39,8.4,9,5,551.0,goi_dien,mien_bac,1
59,12.9,8,195,580.0,email,mien_nam,0
67,60.0,6,214,460.0,email,mien_trung,0
27,31.4,2,155,481.0,email,mien_trung,0
53,22.4,16,212,760.0,email,mien_bac,1
66,56.7,13,99,598.0,goi_dien,mien_bac,1
55,40.8,17,356,459.0,email,mien_nam,0
61,58.1,19,31,375.0,sms,mien_nam,1
69,55.1,18,119,713.0,sms,mien_trung,0
18,15.1,16,260,600.0,email,mien_nam,1
29,34.4,7,154,847.0,email,mien_bac,1
65,18.0,16,224,427.0,quang_cao,mien_trung,0
24,39.8,11,302,390.0,quang_cao,mien_nam,0
36,35.9,2,206,666.0,sms,mien_nam,0
18,14.1,16,91,527.0,goi_dien,mien_nam,1
65,24.6,8,203,480.0,email,mien_bac,0
52,27.3,11,21,782.0,quang_cao,mien_trung,1
55,43.1,20,319,445.0,quang_cao,mien_bac,0
18,8.6,3,62,625.0,quang_cao,mien_nam,0
64,22.8,18,162,388.0,quang_cao,mien_nam,1
27,31.8,15,124,750.0,goi_dien,mien_bac,1
20,38.1,18,210,394.0,sms,mien_nam,1
56,53.9,18,46,302.0,quang_cao,mien_trung,1
30,39.6,3,75,542.0,sms,mien_nam,0
52,55.1,9,99,788.0,goi_dien,mien_trung,1
30,25.2,14,346,336.0,quang_cao,mien_bac,0
69,21.2,5,159,516.0,goi_dien,mien_bac,0
37,42.8,19,365,435.0,sms,mien_trung,0
32,47.4,8,119,540.0,email,mien_bac,1
62,9.6,3,35,748.0,sms,mien_trung,0
48,34.9,0,123,517.0,sms,mien_nam,0
24,58.8,12,239,808.0,email,mien_nam,1
65,33.2,7,212,330.0,email,mien_nam,0
47,59.7,6,258,401.0,email,mien_bac,0
21,53.6,12,142,697.0,goi_dien,mien_trung,1
66,53.8,20,95,489.0,sms,mien_bac,1
63,49.8,16,34,446.0,goi_dien,mien_bac,1
36,19.0,3,282,499.0,goi_dien,mien_nam,0
55,38.2,13,334,322.0,email,mien_trung,0
69,44.0,0,183,469.0,goi_dien,mien_nam,0
38,42.9,1,196,365.0,email,mien_trung,0
37,55.5,9,36,567.0,goi_dien,mien_nam,1
68,26.8,7,351,398.0,sms,mien_trung,0
39,22.7,4,276,613.0,sms,mien_bac,0
58,34.4,0,181,463.0,quang_cao,mien_bac,0
54,5.0,10,145,679.0,email,mien_trung,1
69,36.4,16,53,813.0,quang_cao,mien_trung,1
45,19.6,17,53,696.0,goi_dien,mien_bac,1
38,17.6,3,74,557.0,goi_dien,mien_nam,0
52,10.5,16,74,587.0,quang_cao,mien_trung,1
22,44.6,16,98,780.0,sms,mien_bac,1
69,40.2,10,155,393.0,quang_cao,mien_nam,0
52,40.2,3,283,478.0,email,mien_bac,0
42,17.2,2,127,389.0,goi_dien,mien_nam,0
62,59.7,15,11,836.0,email,mien_bac,1
25,28.8,6,333,395.0,sms,mien_bac,0
34,42.2,12,72,739.0,sms,mien_bac,1
59,33.8,11,298,741.0,goi_dien,mien_nam,1
44,10.1,15,153,678.0,email,mien_bac,1
45,31.1,15,49,446.0,goi_dien,mien_trung,1
45,60.0,10,206,611.0,email,mien_nam,1
35,23.7,1,19,598.0,email,mien_bac,0
69,52.9,4,158,343.0,quang_cao,mien_bac,0
66,11.6,10,72,774.0,goi_dien,mien_trung,1
18,16.2,15,69,772.0,email,mien_nam,1
39,28.2,13,118,736.0,sms,mien_bac,1
38,6.3,17,102,414.0,email,mien_trung,1
69,52.5,7,215,594.0,goi_dien,mien_trung,0
46,59.7,9,32,846.0,sms,mien_nam,1
46,5.3,13,347,619.0,goi_dien,mien_bac,0
55,52.3,7,306,628.0,goi_dien,mien_bac,0
46,35.2,9,115,484.0,goi_dien,mien_nam,1
26,37.4,16,304,656.0,goi_dien,mien_nam,1
61,26.0,16,8,601.0,goi_dien,mien_trung,1
57,42.2,20,13,388.0,email,mien_nam,1
40,41.9,17,37,740.0,email,mien_bac,1
66,48.4,14,64,617.0,quang_cao,mien_bac,1
49,20.4,16,111,668.0,sms,mien_bac,1
30,53.8,8,10,555.0,quang_cao,mien_trung,1
45,11.0,3,164,500.0,goi_dien,mien_bac,0
34,8.5,15,256,632.0,quang_cao,mien_bac,0
63,38.2,11,283,696.0,goi_dien,mien_bac,1
38,26.1,12,344,506.0,quang_cao,mien_bac,0
31,15.7,0,196,691.0,goi_dien,mien_bac,0
49,33.7,0,285,627.0,quang_cao,mien_nam,0
67,31.0,6,81,329.0,goi_dien,mien_trung,0
18,27.8,5,30,751.0,goi_dien,mien_bac,1
67,36.3,1,81,410.0,sms,mien_nam,0
44,8.1,5,262,700.0,quang_cao,mien_trung,0
56,15.7,7,330,598.0,sms,mien_trung,0
30,54.6,18,266,531.0,sms,mien_bac,1
68,38.0,19,99,399.0,sms,mien_trung,1
38,37.4,14,350,782.0,email,mien_bac,0
62,47.5,4,19,700.0,goi_dien,mien_trung,1
58,35.9,10,66,741.0,goi_dien,mien_bac,1
62,42.2,7,122,335.0,sms,mien_trung,0
44,58.4,6,79,796.0,goi_dien,mien_trung,1
33,26.5,16,263,342.0,goi_dien,mien_trung,0
38,48.6,7,40,613.0,sms,mien_nam,1
70,5.7,10,228,709.0,goi_dien,mien_nam,1
68,13.8,12,108,779.0,goi_dien,mien_trung,1
54,51.9,14,157,562.0,email,mien_bac,1
29,55.7,12,129,386.0,sms,mien_nam,1
50,22.0,2,90,815.0,sms,mien_nam,0
25,32.4,13,238,846.0,quang_cao,mien_bac,1
46,34.2,1,101,407.0,email,mien_trung,0
68,42.5,5,355,830.0,goi_dien,mien_trung,0
38,38.0,6,295,710.0,goi_dien,mien_bac,0
62,42.4,7,309,506.0,quang_cao,mien_bac,0
19,6.5,9,131,639.0,email,mien_nam,1
30,47.5,7,229,478.0,quang_cao,mien_nam,0
52,19.9,0,77,766.0,goi_dien,mien_trung,0
53,37.1,5,348,702.0,sms,mien_nam,0
66,37.2,12,210,738.0,goi_dien,mien_nam,1
34,29.5,16,313,312.0,goi_dien,mien_nam,0
62,55.4,16,45,506.0,email,mien_bac,1
44,7.8,2,38,749.0,quang_cao,mien_bac,0
53,34.8,3,157,745.0,email,mien_bac,0
30,19.0,12,115,577.0,goi_dien,mien_trung,1
50,43.6,3,265,786.0,email,mien_bac,0
33,20.4,3,235,786.0,goi_dien,mien_bac,0
32,34.3,0,109,837.0,quang_cao,mien_bac,0
53,38.7,13,197,668.0,email,mien_trung,1
46,33.6,16,52,723.0,email,mien_bac,1
27,31.3,6,179,678.0,email,mien_nam,0
57,55.2,19,356,828.0,quang_cao,mien_nam,1
68,47.9,16,25,532.0,sms,mien_bac,1
19,15.5,14,270,768.0,quang_cao,mien_trung,0
19,58.3,7,204,758.0,goi_dien,mien_nam,1
58,47.8,9,150,704.0,quang_cao,mien_bac,1
58,20.9,18,230,590.0,email,mien_bac,1
66,18.2,7,105,522.0,goi_dien,mien_trung,1
70,4.1,17,318,689.0,sms,mien_bac,0
39,16.5,6,285,352.0,goi_dien,mien_trung,0
51,56.5,10,294,445.0,email,mien_nam,0
66,13.4,7,306,629.0,sms,mien_nam,0
28,46.7,1,134,448.0,goi_dien,mien_trung,0
37,57.2,5,317,669.0,goi_dien,mien_trung,0
56,53.1,3,330,709.0,quang_cao,mien_bac,0
40,30.1,20,196,826.0,email,mien_bac,1
30,29.1,12,296,435.0,quang_cao,mien_trung,0
56,35.5,5,247,754.0,email,mien_trung,0
57,29.5,12,246,727.0,quang_cao,mien_trung,0
28,55.7,10,311,535.0,goi_dien,mien_nam,0
70,29.0,17,119,779.0,sms,mien_nam,1
57,21.3,7,204,647.0,goi_dien,mien_nam,0
68,10.1,14,30,397.0,email,mien_trung,1
70,11.9,18,230,719.0,email,mien_nam,1
56,58.9,20,55,718.0,goi_dien,mien_nam,1
29,26.8,20,166,565.0,quang_cao,mien_bac,1
24,27.1,14,265,628.0,quang_cao,mien_trung,0
61,15.8,2,333,720.0,sms,mien_bac,0
28,33.5,6,130,515.0,goi_dien,mien_trung,0
56,32.0,8,227,526.0,sms,mien_nam,0
51,52.1,20,98,562.0,sms,mien_nam,1
60,44.2,5,146,769.0,email,mien_nam,1
70,19.5,3,334,548.0,email,mien_trung,0
61,41.4,13,299,489.0,goi_dien,mien_bac,0
63,29.5,13,110,639.0,goi_dien,mien_nam,1
54,19.2,12,51,581.0,sms,mien_bac,1
69,31.7,15,271,779.0,quang_cao,mien_trung,1
53,47.6,19,297,760.0,goi_dien,mien_trung,1
48,42.0,5,260,775.0,email,mien_bac,0
36,59.5,20,125,456.0,sms,mien_nam,1
48,35.5,18,94,387.0,goi_dien,mien_trung,1
28,14.3,20,9,769.0,goi_dien,mien_bac,1
51,51.9,16,44,415.0,email,mien_trung,1
60,17.4,3,336,387.0,goi_dien,mien_bac,0
23,51.4,0,232,363.0,sms,mien_nam,0
24,6.8,7,99,342.0,email,mien_trung,0
58,23.5,12,72,587.0,email,mien_nam,1
70,49.3,3,42,374.0,goi_dien,mien_bac,1
43,35.8,3,278,674.0,sms,mien_nam,0
39,58.4,5,64,479.0,sms,mien_bac,1
33,25.6,17,195,671.0,goi_dien,mien_trung,1
23,29.0,15,365,530.0,goi_dien,mien_bac,0
59,5.9,19,259,683.0,goi_dien,mien_trung,1
47,21.4,7,260,679.0,goi_dien,mien_bac,0
36,9.7,19,103,409.0,goi_dien,mien_trung,1
47,29.1,13,324,651.0,goi_dien,mien_trung,0
65,24.1,18,82,712.0,email,mien_nam,1
57,39.3,15,16,634.0,email,mien_nam,1
28,43.5,0,342,563.0,sms,mien_nam,0
40,36.4,20,72,712.0,quang_cao,mien_trung,1
33,32.9,16,103,506.0,email,mien_nam,1
31,15.4,8,209,508.0,sms,mien_bac,0
61,23.5,6,219,324.0,goi_dien,mien_bac,0
32,29.5,11,74,528.0,email,mien_trung,1
46,55.7,4,14,778.0,email,mien_trung,1
27,52.9,20,4,661.0,sms,mien_nam,1
28,29.9,6,127,819.0,goi_dien,mien_bac,1
45,56.0,9,198,455.0,sms,mien_trung,0
48,57.4,14,161,384.0,quang_cao,mien_nam,1
40,26.3,9,354,754.0,email,mien_trung,0
67,52.7,20,312,757.0,sms,mien_nam,1
58,39.4,14,122,372.0,quang_cao,mien_nam,1
26,25.6,1,111,587.0,quang_cao,mien_bac,0
22,58.6,15,276,770.0,sms,mien_bac,1
65,20.9,10,304,496.0,sms,mien_nam,0
35,49.9,18,252,693.0,quang_cao,mien_nam,1
53,6.3,10,247,610.0,quang_cao,mien_bac,0
41,41.3,14,305,752.0,sms,mien_bac,1
65,15.8,9,213,739.0,sms,mien_nam,0
31,52.4,9,186,337.0,goi_dien,mien_nam,0
49,46.5,7,9,736.0,goi_dien,mien_nam,1
47,9.3,6,364,350.0,sms,mien_nam,0
54,53.4,19,244,606.0,goi_dien,mien_trung,1
38,56.8,15,293,637.0,email,mien_trung,1
49,9.1,14,291,603.0,quang_cao,mien_trung,0
39,47.7,3,194,535.0,quang_cao,mien_bac,0
26,5.9,2,225,562.0,quang_cao,mien_trung,0
24,9.2,14,69,393.0,sms,mien_nam,1
56,24.5,7,312,732.0,quang_cao,mien_bac,0
70,15.3,9,231,375.0,email,mien_bac,0
64,39.4,3,319,489.0,sms,mien_trung,0
58,49.9,5,230,442.0,quang_cao,mien_bac,0
22,40.6,18,305,760.0,quang_cao,mien_bac,1
64,23.3,18,54,757.0,quang_cao,mien_nam,1
26,4.6,6,5,461.0,sms,mien_trung,0
28,23.3,17,291,384.0,sms,mien_nam,0
44,30.9,3,79,843.0,goi_dien,mien_nam,1
57,22.9,10,114,720.0,email,mien_trung,1
67,57.8,4,24,611.0,sms,mien_bac,1
63,43.3,8,70,778.0,goi_dien,mien_nam,1
52,21.8,15,24,337.0,email,mien_trung,0
40,39.7,19,109,385.0,sms,mien_nam,1
32,33.0,7,191,790.0,sms,mien_trung,0
64,13.0,17,94,633.0,goi_dien,mien_bac,1
23,29.3,8,313,526.0,email,mien_bac,0
54,47.3,19,243,555.0,sms,mien_bac,1
41,5.5,15,242,661.0,quang_cao,mien_nam,0
52,59.2,1,28,681.0,quang_cao,mien_trung,0
62,8.1,0,53,616.0,email,mien_bac,0
27,5.2,7,328,592.0,sms,mien_trung,0
32,55.4,14,40,843.0,sms,mien_bac,1
27,6.0,12,285,758.0,quang_cao,mien_nam,0
63,22.7,2,249,389.0,goi_dien,mien_nam,0
58,17.0,9,299,723.0,sms,mien_trung,0
41,26.0,19,4,469.0,sms,mien_trung,1
35,52.1,16,123,567.0,goi_dien,mien_nam,1
62,22.5,14,151,591.0,quang_cao,mien_bac,1
36,51.0,11,174,585.0,sms,mien_nam,1
53,38.3,18,3,746.0,sms,mien_bac,1
43,6.7,11,315,539.0,email,mien_nam,0
55,16.9,17,89,474.0,quang_cao,mien_trung,1
67,45.0,10,41,826.0,email,mien_nam,1
21,27.8,14,40,714.0,quang_cao,mien_bac,0
42,9.2,2,317,404.0,goi_dien,mien_bac,0
29,33.7,8,159,441.0,goi_dien,mien_nam,0
68,7.7,8,217,522.0,email,mien_trung,0
27,10.8,15,257,370.0,email,mien_trung,0
68,44.3,7,341,526.0,quang_cao,mien_bac,0
40,46.2,8,147,781.0,quang_cao,mien_bac,1
46,44.3,5,69,843.0,quang_cao,mien_bac,1
37,49.8,2,142,722.0,sms,mien_nam,0
60,29.7,6,301,579.0,sms,mien_bac,0
51,13.5,3,207,388.0,email,mien_trung,0
37,13.5,9,343,601.0,sms,mien_trung,0
68,29.4,19,96,623.0,email,mien_nam,1
57,57.7,13,15,531.0,sms,mien_trung,1
63,23.6,18,176,413.0,email,mien_trung,1
48,19.6,8,312,756.0,goi_dien,mien_trung,0
32,13.2,16,13,664.0,goi_dien,mien_nam,1
66,33.7,2,343,657.0,goi_dien,mien_trung,0
56,54.5,1,68,770.0,sms,mien_bac,1
47,15.8,4,238,409.0,quang_cao,mien_trung,0
64,33.4,13,356,458.0,sms,mien_nam,0
44,35.1,13,72,325.0,quang_cao,mien_bac,1
63,38.2,16,83,689.0,sms,mien_nam,1
29,26.0,13,298,398.0,goi_dien,mien_bac,0
35,27.6,11,102,637.0,email,mien_trung,1
39,44.7,9,346,396.0,email,mien_trung,0
44,41.5,9,299,748.0,email,mien_nam,0
21,21.6,15,214,313.0,goi_dien,mien_trung,0
69,10.0,14,54,814.0,goi_dien,mien_bac,1
27,20.5,1,17,662.0,quang_cao,mien_bac,0
30,39.6,0,263,416.0,quang_cao,mien_nam,0
51,57.1,13,133,499.0,quang_cao,mien_nam,1
21,38.8,19,209,393.0,email,mien_nam,1
34,48.9,20,153,403.0,goi_dien,mien_trung,1
36,30.6,3,194,476.0,goi_dien,mien_bac,0
61,16.1,16,4,335.0,sms,mien_nam,1
55,56.6,10,129,394.0,goi_dien,mien_trung,1
21,39.9,16,85,367.0,email,mien_bac,1
42,33.6,15,20,732.0,quang_cao,mien_trung,1
24,30.7,7,76,303.0,email,mien_trung,0
26,59.9,5,353,725.0,sms,mien_trung,0
40,20.4,2,229,377.0,quang_cao,mien_nam,0
38,13.5,12,157,315.0,goi_dien,mien_trung,0
26,19.1,5,309,575.0,email,mien_nam,0
56,32.2,5,224,759.0,goi_dien,mien_trung,0
45,23.4,9,36,715.0,goi_dien,mien_bac,1
32,28.1,2,132,602.0,sms,mien_trung,0
50,15.4,1,235,750.0,sms,mien_trung,0
58,10.8,19,136,464.0,email,mien_nam,1
62,17.5,5,124,420.0,quang_cao,mien_trung,0
31,12.4,12,118,723.0,email,mien_nam,1
33,43.6,11,358,609.0,quang_cao,mien_nam,0
42,42.5,8,17,445.0,quang_cao,mien_bac,1
56,21.9,3,82,496.0,quang_cao,mien_trung,0
43,11.6,20,218,549.0,goi_dien,mien_bac,1
47,10.4,14,211,371.0,email,mien_trung,0
62,37.0,19,157,396.0,email,mien_bac,1
61,35.2,19,19,429.0,sms,mien_trung,1
46,11.4,19,226,467.0,email,mien_nam,1
46,49.8,19,125,621.0,sms,mien_bac,1
68,41.7,7,250,418.0,quang_cao,mien_nam,0
27,51.9,12,138,337.0,sms,mien_bac,1
30,47.3,11,289,688.0,email,mien_trung,0
41,5.1,6,80,772.0,sms,mien_nam,1
40,13.7,17,354,532.0,quang_cao,mien_bac,0
37,54.7,17,15,830.0,quang_cao,mien_trung,1
25,57.7,3,44,591.0,email,mien_trung,1
65,44.3,7,112,338.0,goi_dien,mien_nam,1
27,31.6,13,149,749.0,quang_cao,mien_trung,1
37,12.6,12,364,644.0,goi_dien,mien_bac,0
49,18.9,16,93,345.0,quang_cao,mien_bac,1
55,56.5,19,188,383.0,quang_cao,mien_nam,1
69,54.8,11,22,579.0,goi_dien,mien_trung,1
48,46.2,14,212,513.0,quang_cao,mien_trung,0
69,33.1,20,16,587.0,sms,mien_bac,1
30,24.1,17,150,838.0,sms,mien_trung,1
39,15.9,4,263,376.0,sms,mien_trung,0
38,11.7,5,183,791.0,quang_cao,mien_nam,0
42,53.8,16,13,448.0,goi_dien,mien_trung,1
25,19.5,0,352,404.0,email,mien_nam,0
24,58.9,5,155,303.0,quang_cao,mien_trung,0
51,6.8,13,83,457.0,goi_dien,mien_bac,1
35,59.3,14,80,448.0,goi_dien,mien_trung,1
50,4.3,3,156,558.0,sms,mien_bac,0
21,41.0,11,250,341.0,goi_dien,mien_nam,0
67,13.7,5,271,583.0,sms,mien_bac,0
57,21.3,17,10,405.0,email,mien_nam,1
40,44.0,16,10,831.0,sms,mien_nam,1
64,27.2,18,126,791.0,goi_dien,mien_trung,1
64,19.8,12,229,660.0,quang_cao,mien_bac,0
62,7.4,18,4,337.0,email,mien_trung,1
54,59.4,1,233,640.0,email,mien_trung,0
56,10.7,6,62,493.0,quang_cao,mien_trung,0
18,34.4,16,112,684.0,sms,mien_trung,1
61,59.5,8,196,431.0,email,mien_trung,0
58,49.9,14,285,713.0,goi_dien,mien_trung,1
68,7.9,5,242,422.0,quang_cao,mien_nam,0
39,38.8,15,67,405.0,sms,mien_bac,1
51,39.5,5,273,680.0,quang_cao,mien_nam,0
49,46.8,0,319,799.0,goi_dien,mien_trung,0
48,48.0,18,126,512.0,email,mien_bac,1
21,21.8,12,273,396.0,email,mien_bac,0
34,50.5,18,52,772.0,goi_dien,mien_bac,1
55,37.2,18,180,502.0,sms,mien_bac,1
26,52.0,12,110,812.0,sms,mien_nam,1
69,40.6,3,298,738.0,sms,mien_nam,0
29,16.9,9,192,708.0,goi_dien,mien_nam,1
55,23.1,5,45,777.0,email,mien_nam,1
44,15.6,16,23,536.0,sms,mien_trung,1
26,16.3,4,342,725.0,quang_cao,mien_nam,0
35,6.3,16,80,349.0,quang_cao,mien_nam,0
55,13.7,5,215,572.0,quang_cao,mien_nam,0
20,29.6,11,196,849.0,email,mien_bac,1
43,56.0,14,347,649.0,sms,mien_bac,0
49,41.5,16,252,416.0,email,mien_trung,0
62,57.2,7,326,812.0,quang_cao,mien_nam,0
56,46.8,19,313,423.0,sms,mien_trung,0
22,59.1,1,82,839.0,sms,mien_nam,1
61,30.2,15,149,317.0,sms,mien_trung,1
36,11.9,15,87,605.0,quang_cao,mien_bac,1
57,53.2,16,89,608.0,sms,mien_trung,1
28,7.6,20,315,445.0,sms,mien_nam,0
39,32.2,1,55,845.0,email,mien_bac,1
38,36.2,6,97,775.0,goi_dien,mien_trung,1
31,53.9,1,77,313.0,sms,mien_nam,0
21,53.1,15,215,305.0,goi_dien,mien_bac,1
28,26.2,19,33,667.0,email,mien_trung,1
66,54.2,9,176,463.0,sms,mien_trung,0
61,41.5,4,27,559.0,sms,mien_bac,1
48,58.3,13,42,636.0,quang_cao,mien_nam,1
70,31.9,15,114,841.0,goi_dien,mien_nam,1
70,51.6,13,76,451.0,quang_cao,mien_nam,1
54,58.0,18,241,303.0,goi_dien,mien_nam,1
42,8.2,18,179,404.0,quang_cao,mien_trung,1
48,11.9,13,55,658.0,quang_cao,mien_nam,1
29,43.7,16,355,690.0,email,mien_nam,1
64,41.1,12,354,689.0,sms,mien_nam,0
33,4.3,11,135,823.0,sms,mien_nam,1
53,26.3,6,317,358.0,sms,mien_trung,0
26,44.0,0,204,602.0,email,mien_bac,0
48,33.4,10,154,805.0,goi_dien,mien_trung,1
35,9.0,12,51,476.0,quang_cao,mien_nam,1
67,58.2,14,216,527.0,sms,mien_bac,1
23,24.9,4,169,799.0,quang_cao,mien_trung,0
35,43.9,10,326,688.0,email,mien_trung,0
49,50.2,17,211,699.0,quang_cao,mien_trung,1
67,24.9,0,256,756.0,email,mien_trung,0
53,47.6,8,179,680.0,goi_dien,mien_bac,1
51,45.9,18,100,670.0,goi_dien,mien_trung,1
50,47.3,14,115,533.0,quang_cao,mien_bac,1
66,49.5,17,307,765.0,quang_cao,mien_bac,1
54,10.2,13,359,746.0,email,mien_trung,0
21,26.8,0,327,749.0,sms,mien_bac,0
23,31.1,18,279,737.0,goi_dien,mien_trung,1
21,56.1,8,285,495.0,quang_cao,mien_nam,0
31,40.6,8,113,651.0,quang_cao,mien_trung,1
44,18.3,1,284,376.0,goi_dien,mien_trung,0
59,49.4,8,121,527.0,email,mien_nam,1
29,7.6,4,325,368.0,sms,mien_nam,0
70,25.9,1,136,322.0,quang_cao,mien_trung,0
49,46.4,1,33,475.0,goi_dien,mien_nam,1
18,44.2,18,292,404.0,email,mien_nam,1
49,33.0,16,331,584.0,goi_dien,mien_bac,1
24,48.9,16,181,476.0,goi_dien,mien_trung,1
64,55.3,20,35,313.0,goi_dien,mien_trung,1
61,48.6,20,291,463.0,goi_dien,mien_bac,1
25,42.3,3,27,848.0,goi_dien,mien_trung,1
49,22.1,18,266,469.0,goi_dien,mien_trung,1
36,7.1,16,104,557.0,sms,mien_nam,1
40,52.5,2,349,815.0,email,mien_nam,0
53,32.2,0,307,431.0,quang_cao,mien_trung,0
49,42.2,9,145,809.0,sms,mien_bac,1
43,52.5,2,137,419.0,email,mien_trung,0
30,41.4,3,180,351.0,goi_dien,mien_nam,0
37,26.5,0,324,491.0,goi_dien,mien_nam,0
29,31.7,1,64,704.0,quang_cao,mien_nam,0
56,57.2,17,2,594.0,goi_dien,mien_nam,1
28,59.3,5,213,540.0,quang_cao,mien_trung,0
32,16.3,17,76,637.0,quang_cao,mien_nam,1
51,19.4,18,210,450.0,sms,mien_bac,1
58,18.3,19,81,496.0,goi_dien,mien_trung,1
55,40.6,16,279,445.0,quang_cao,mien_trung,0
36,18.2,2,259,335.0,quang_cao,mien_nam,0
56,5.7,11,304,407.0,goi_dien,mien_nam,0
32,59.5,10,192,498.0,quang_cao,mien_bac,0
58,50.7,14,250,313.0,email,mien_bac,0
30,26.4,9,352,799.0,goi_dien,mien_bac,0
55,19.2,7,206,457.0,email,mien_bac,0
62,12.7,14,357,435.0,quang_cao,mien_trung,0
39,36.6,12,163,314.0,email,mien_trung,0
18,55.4,3,167,651.0,goi_dien,mien_nam,0
30,35.7,14,313,579.0,sms,mien_bac,0
43,46.0,2,170,655.0,sms,mien_trung,0
70,30.4,10,196,352.0,sms,mien_bac,0
59,20.1,9,165,743.0,email,mien_trung,1
57,24.6,10,326,630.0,email,mien_trung,0
59,15.2,18,354,383.0,quang_cao,mien_trung,0
48,23.1,8,85,364.0,sms,mien_trung,0
36,54.0,4,139,845.0,goi_dien,mien_trung,1
22,22.9,15,261,350.0,quang_cao,mien_nam,0
27,10.9,3,324,591.0,email,mien_nam,0
57,46.5,3,316,629.0,sms,mien_nam,0
35,12.3,5,145,564.0,goi_dien,mien_bac,0
56,24.7,8,153,697.0,sms,mien_nam,1
33,43.9,17,236,361.0,goi_dien,mien_bac,1
22,55.7,1,61,542.0,sms,mien_bac,0
33,50.5,2,149,824.0,quang_cao,mien_bac,0
50,21.5,17,60,744.0,quang_cao,mien_bac,1
24,14.4,4,10,351.0,sms,mien_trung,0
47,43.5,10,284,680.0,quang_cao,mien_nam,0
62,4.5,9,113,523.0,quang_cao,mien_trung,0
51,40.4,20,196,311.0,goi_dien,mien_bac,1
60,10.3,17,17,352.0,goi_dien,mien_nam,1
42,44.7,3,164,631.0,email,mien_bac,0
23,47.5,11,5,736.0,goi_dien,mien_bac,1
44,48.0,4,199,628.0,sms,mien_nam,0
60,7.6,7,15,574.0,goi_dien,mien_bac,0
43,40.8,3,118,451.0,goi_dien,mien_nam,0
24,14.3,2,253,491.0,quang_cao,mien_bac,0
56,19.0,17,302,428.0,goi_dien,mien_trung,0
29,40.9,1,63,697.0,email,mien_bac,1
51,52.7,20,214,836.0,goi_dien,mien_bac,1
28,22.3,10,119,697.0,sms,mien_trung,1
70,49.0,12,57,639.0,sms,mien_bac,1
35,8.1,6,148,776.0,quang_cao,mien_bac,0
69,40.1,19,237,497.0,quang_cao,mien_bac,1
42,19.6,8,358,498.0,email,mien_bac,0
47,41.8,0,219,309.0,sms,mien_bac,0
24,49.3,19,259,321.0,sms,mien_trung,1
42,51.6,13,128,805.0,email,mien_trung,1
48,41.6,19,175,540.0,quang_cao,mien_nam,1
18,13.8,12,272,495.0,quang_cao,mien_bac,0
47,48.0,11,249,465.0,quang_cao,mien_bac,0
51,28.1,5,260,703.0,sms,mien_trung,0
55,6.8,18,70,692.0,email,mien_nam,1
55,53.8,2,339,589.0,goi_dien,mien_bac,0
45,45.7,6,241,582.0,sms,mien_bac,0
23,9.5,7,339,488.0,email,mien_nam,0
32,23.3,9,251,635.0,quang_cao,mien_nam,0
34,45.6,2,252,326.0,email,mien_bac,0
33,7.8,2,17,590.0,quang_cao,mien_nam,0
43,56.7,15,19,426.0,sms,mien_trung,1
20,14.7,17,265,457.0,quang_cao,mien_trung,0
40,48.0,10,324,492.0,goi_dien,mien_trung,0
34,28.3,9,148,580.0,sms,mien_trung,0
58,27.4,7,128,645.0,email,mien_bac,1
49,55.6,11,36,378.0,email,mien_nam,1
31,55.8,5,39,504.0,quang_cao,mien_trung,0
67,29.9,20,141,502.0,goi_dien,mien_bac,1
31,12.5,8,230,662.0,goi_dien,mien_bac,0
48,36.6,19,89,802.0,goi_dien,mien_nam,1
51,23.8,15,298,319.0,email,mien_trung,0
46,33.2,14,15,727.0,sms,mien_trung,1
34,46.7,13,320,736.0,goi_dien,mien_trung,1
56,55.2,19,321,491.0,email,mien_bac,1
58,11.2,10,96,579.0,quang_cao,mien_nam,1
70,46.5,0,173,564.0,sms,mien_trung,0
26,33.7,7,20,781.0,email,mien_nam,1
57,54.4,10,96,337.0,goi_dien,mien_bac,1
27,32.7,9,95,683.0,goi_dien,mien_nam,1
41,36.7,14,149,774.0,sms,mien_trung,1
54,44.2,9,269,479.0,quang_cao,mien_nam,0
41,20.3,2,129,631.0,goi_dien,mien_nam,0
32,10.2,1,183,734.0,email,mien_bac,0
39,10.5,16,109,785.0,sms,mien_trung,1
41,12.5,20,220,445.0,sms,mien_bac,1
58,39.8,6,180,483.0,goi_dien,mien_nam,0
37,41.7,0,166,401.0,quang_cao,mien_trung,0
51,33.3,9,301,424.0,goi_dien,mien_bac,0
37,30.8,6,190,321.0,email,mien_nam,0
54,9.3,19,229,809.0,email,mien_trung,1
49,57.8,12,33,835.0,quang_cao,mien_trung,1
65,24.2,1,115,695.0,email,mien_nam,0
52,18.3,14,278,447.0,email,mien_trung,0
57,41.1,2,145,518.0,sms,mien_trung,0
70,17.5,14,32,364.0,email,mien_bac,1
35,56.0,7,309,429.0,sms,mien_bac,0
26,19.4,16,97,457.0,email,mien_trung,1
49,30.6,12,298,463.0,goi_dien,mien_nam,0
54,55.1,8,346,496.0,sms,mien_bac,0
58,24.1,6,262,808.0,email,mien_nam,0
24,27.2,3,100,316.0,sms,mien_nam,0
49,59.3,9,151,432.0,goi_dien,mien_bac,1
61,41.5,20,294,746.0,email,mien_bac,1
40,46.2,7,93,805.0,quang_cao,mien_nam,1
66,55.9,9,66,384.0,quang_cao,mien_nam,1
57,33.2,4,319,474.0,sms,mien_bac,0
44,17.3,14,4,551.0,email,mien_trung,1
66,23.2,8,234,422.0,goi_dien,mien_bac,0
48,36.0,12,274,741.0,sms,mien_trung,0
54,37.7,11,65,379.0,goi_dien,mien_nam,1
55,31.0,12,191,653.0,goi_dien,mien_nam,1
41,23.2,1,164,503.0,email,mien_bac,0
37,8.2,0,45,575.0,quang_cao,mien_nam,0
25,38.5,5,132,666.0,email,mien_trung,0
60,56.3,8,263,639.0,sms,mien_bac,0
25,41.0,3,141,528.0,sms,mien_nam,0
59,39.2,18,39,435.0,email,mien_trung,1
59,39.7,16,255,773.0,email,mien_nam,1
68,58.0,6,71,577.0,goi_dien,mien_trung,1
62,45.5,10,89,573.0,sms,mien_trung,1
39,59.4,4,338,787.0,quang_cao,mien_nam,0
20,41.7,11,101,490.0,goi_dien,mien_trung,1
62,52.1,10,229,849.0,quang_cao,mien_trung,1
36,51.9,13,210,795.0,goi_dien,mien_nam,1
27,14.9,5,71,644.0,goi_dien,mien_bac,1
60,53.2,0,268,782.0,goi_dien,mien_trung,0
66,6.2,14,343,642.0,quang_cao,mien_nam,0
28,29.0,10,3,348.0,quang_cao,mien_trung,1
60,16.1,19,136,585.0,sms,mien_trung,1
59,56.9,11,164,526.0,quang_cao,mien_trung,0
31,19.7,3,238,497.0,sms,mien_nam,0
56,38.2,4,51,340.0,goi_dien,mien_trung,0
44,41.1,1,122,504.0,quang_cao,mien_bac,0
29,12.5,9,182,683.0,goi_dien,mien_nam,1
60,25.0,5,362,536.0,sms,mien_nam,0
36,57.0,12,312,391.0,quang_cao,mien_trung,0
65,27.4,14,38,622.0,goi_dien,mien_nam,1
54,27.2,12,77,678.0,sms,mien_bac,1
43,19.9,2,325,799.0,goi_dien,mien_nam,0
35,25.7,18,316,845.0,sms,mien_nam,1
68,31.8,3,21,373.0,sms,mien_bac,0
46,11.5,6,14,482.0,quang_cao,mien_nam,0
45,9.0,2,77,365.0,sms,mien_nam,0
19,43.7,16,339,748.0,email,mien_nam,1
67,49.9,13,322,462.0,quang_cao,mien_nam,0
20,38.4,9,179,396.0,email,mien_trung,0
41,36.0,0,254,545.0,email,mien_bac,0
46,13.4,3,298,410.0,email,mien_trung,0
61,24.2,17,34,627.0,quang_cao,mien_nam,1
46,57.8,17,354,645.0,goi_dien,mien_bac,1
45,31.6,14,233,557.0,email,mien_trung,1
62,34.6,10,105,767.0,quang_cao,mien_bac,1
66,28.5,20,365,360.0,quang_cao,mien_trung,0
39,53.1,3,329,612.0,sms,mien_nam,0
40,18.4,9,343,492.0,goi_dien,mien_nam,0
45,58.0,20,99,746.0,goi_dien,mien_bac,1
47,58.2,2,51,554.0,goi_dien,mien_bac,1
62,38.5,4,33,541.0,quang_cao,mien_trung,0
67,12.9,11,253,575.0,email,mien_nam,0
49,39.9,8,335,522.0,email,mien_bac,0
57,23.8,7,153,552.0,email,mien_trung,0
,10.4,0,105,816.0,quang_cao,mien_bac,0
22,15.3,17,171,343.0,sms,mien_trung,1
47,21.8,7,242,552.0,quang_cao,mien_bac,0
48,20.2,15,79,336.0,email,mien_bac,1
24,7.2,11,42,465.0,quang_cao,mien_trung,1
51,43.5,12,342,410.0,email,mien_bac,0
32,36.4,10,30,318.0,email,mien_bac,1
43,53.0,20,279,791.0,email,mien_nam,1
20,48.4,13,274,369.0,email,mien_nam,0
64,10.7,17,175,488.0,sms,mien_nam,1
65,41.5,7,211,784.0,goi_dien,mien_nam,1
50,54.0,7,181,310.0,email,mien_trung,0
29,28.4,18,305,837.0,goi_dien,mien_nam,1
18,21.1,10,321,730.0,quang_cao,mien_nam,0
65,38.8,16,256,374.0,goi_dien,mien_nam,1
47,19.5,4,90,486.0,email,mien_trung,0
55,8.0,13,14,378.0,sms,mien_bac,1
19,51.1,15,204,833.0,goi_dien,mien_trung,1
32,27.9,11,352,564.0,goi_dien,mien_nam,0
56,57.8,7,131,456.0,sms,mien_bac,0
50,57.2,14,27,563.0,quang_cao,mien_trung,1
53,59.3,13,,698.0,sms,mien_nam,1
21,9.3,17,331,329.0,sms,mien_bac,0
61,34.1,3,151,622.0,sms,mien_trung,0
38,28.6,3,86,308.0,goi_dien,mien_trung,0
53,52.4,11,12,446.0,goi_dien,mien_trung,1
22,19.1,13,13,305.0,sms,mien_bac,1
19,50.2,9,109,800.0,email,mien_bac,1
60,20.6,15,245,352.0,goi_dien,mien_nam,1
46,25.2,0,125,585.0,email,mien_nam,0
54,36.2,8,68,357.0,quang_cao,mien_bac,0
21,26.3,16,298,546.0,email,mien_nam,1
24,52.6,2,182,432.0,quang_cao,mien_nam,0
57,21.3,12,152,564.0,sms,mien_nam,1
48,29.6,14,144,323.0,goi_dien,mien_bac,1
21,11.2,16,85,304.0,email,mien_nam,1
70,26.5,11,323,692.0,sms,mien_nam,0
42,25.6,9,163,304.0,sms,mien_bac,0
51,42.3,20,348,599.0,goi_dien,mien_nam,1
50,57.8,3,165,812.0,sms,mien_trung,0
33,48.4,13,193,645.0,sms,mien_nam,1
26,39.0,10,225,564.0,quang_cao,mien_bac,0
34,10.4,5,58,558.0,email,mien_trung,0
51,19.4,6,100,822.0,sms,mien_bac,1
60,12.7,11,175,811.0,sms,mien_nam,1
22,46.4,8,102,609.0,quang_cao,mien_trung,1
54,19.8,13,238,830.0,goi_dien,mien_trung,1
60,52.2,0,178,346.0,sms,mien_nam,0
54,48.1,3,241,503.0,sms,mien_bac,0
47,14.2,2,126,664.0,email,mien_nam,0
70,31.4,4,75,471.0,quang_cao,mien_bac,1
36,47.9,15,309,466.0,email,mien_nam,0
62,22.8,14,317,750.0,email,mien_bac,0
57,17.0,15,163,478.0,email,mien_nam,1
24,29.8,9,75,776.0,email,mien_nam,1
54,9.8,8,26,723.0,quang_cao,mien_nam,1
54,32.5,11,261,726.0,goi_dien,mien_trung,1
55,55.2,4,275,368.0,quang_cao,mien_trung,0
46,12.0,19,186,754.0,quang_cao,mien_nam,1
63,40.5,18,261,318.0,sms,mien_nam,1
21,15.2,14,129,525.0,email,mien_nam,1
56,6.7,5,269,619.0,sms,mien_trung,0
21,29.6,8,117,546.0,goi_dien,mien_trung,1
37,6.5,4,185,463.0,goi_dien,mien_nam,0
69,56.5,18,150,685.0,email,mien_nam,1
50,6.1,12,105,365.0,sms,mien_bac,0
38,27.5,3,283,786.0,quang_cao,mien_nam,0
22,13.6,20,90,539.0,sms,mien_nam,1
29,40.4,8,263,360.0,sms,mien_bac,0
22,12.4,2,38,472.0,quang_cao,mien_trung,0
47,59.6,7,259,781.0,sms,mien_trung,0
22,58.4,14,77,795.0,email,mien_trung,1
57,27.4,8,365,654.0,goi_dien,mien_bac,0
27,31.2,0,260,688.0,email,mien_nam,0
23,27.4,12,114,621.0,goi_dien,mien_nam,1
47,21.2,14,32,717.0,sms,mien_trung,1
64,58.4,6,141,349.0,quang_cao,mien_trung,0
62,6.8,4,221,435.0,email,mien_bac,0
45,30.3,12,356,769.0,sms,mien_nam,0
69,52.7,20,324,311.0,goi_dien,mien_nam,1
36,43.8,9,43,323.0,goi_dien,mien_trung,1
56,14.3,5,108,844.0,sms,mien_nam,1
56,36.1,17,147,508.0,email,mien_trung,1
21,44.6,6,158,638.0,goi_dien,mien_trung,1
50,16.9,16,37,688.0,goi_dien,mien_bac,1
28,49.3,19,272,509.0,goi_dien,mien_bac,1
46,16.5,18,311,737.0,email,mien_trung,1
66,29.1,8,280,849.0,quang_cao,mien_nam,0
60,55.0,8,256,800.0,email,mien_trung,0
59,46.8,7,40,683.0,email,mien_trung,1
27,42.0,16,156,613.0,email,mien_nam,1
34,50.9,11,162,586.0,email,mien_trung,1
64,57.8,0,294,431.0,sms,mien_nam,0
23,17.3,2,181,727.0,goi_dien,mien_trung,0
46,44.9,0,215,415.0,email,mien_trung,0
58,17.8,9,59,697.0,goi_dien,mien_trung,1
43,14.7,10,62,518.0,quang_cao,mien_nam,1
22,20.8,16,16,573.0,email,mien_bac,1
51,59.8,16,81,322.0,quang_cao,mien_trung,1
56,24.6,16,152,579.0,goi_dien,mien_trung,1
65,41.8,1,277,585.0,quang_cao,mien_trung,0
53,41.0,3,288,374.0,email,mien_nam,0
56,33.7,7,357,647.0,quang_cao,mien_trung,0
33,26.1,13,63,349.0,sms,mien_nam,1
25,12.9,7,260,536.0,quang_cao,mien_nam,0
26,18.0,20,37,410.0,goi_dien,mien_bac,1
37,39.2,5,178,691.0,sms,mien_trung,0
56,7.8,10,187,388.0,goi_dien,mien_trung,0
49,19.5,3,128,466.0,goi_dien,mien_bac,0
56,56.3,5,304,443.0,goi_dien,mien_trung,0
22,55.1,8,96,618.0,sms,mien_bac,1
42,57.3,12,39,627.0,quang_cao,mien_bac,1
58,54.9,20,131,320.0,quang_cao,mien_bac,1
32,33.3,2,192,405.0,email,mien_trung,0
57,57.3,11,134,551.0,goi_dien,mien_trung,1
54,25.7,18,40,627.0,email,mien_nam,1
62,52.7,12,68,706.0,quang_cao,mien_bac,1
27,9.7,16,103,535.0,sms,mien_bac,1
57,14.2,3,365,618.0,goi_dien,mien_trung,0
69,25.5,20,54,434.0,sms,mien_trung,1
34,32.4,1,110,411.0,sms,mien_trung,0
45,30.1,1,141,429.0,sms,mien_bac,0
48,38.5,4,325,551.0,goi_dien,mien_trung,0
55,17.1,17,37,675.0,goi_dien,mien_trung,1
28,35.5,16,299,412.0,sms,mien_nam,0
64,8.2,4,148,392.0,email,mien_nam,0
26,35.3,10,215,825.0,email,mien_trung,1
50,15.9,1,36,682.0,quang_cao,mien_bac,0
51,11.0,3,42,394.0,goi_dien,mien_bac,0
23,32.3,18,72,483.0,sms,mien_nam,1
27,12.8,13,343,394.0,goi_dien,mien_nam,0
63,16.8,13,364,557.0,goi_dien,mien_nam,0
70,35.1,6,275,569.0,sms,mien_bac,0
20,35.4,15,41,800.0,email,mien_bac,1
20,38.1,20,121,665.0,quang_cao,mien_bac,1
64,32.5,18,54,539.0,quang_cao,mien_nam,1
37,28.2,13,133,715.0,quang_cao,mien_nam,1
37,12.8,2,298,789.0,sms,mien_bac,0
18,17.9,19,196,796.0,goi_dien,mien_trung,1
39,23.0,7,304,387.0,sms,mien_nam,0
59,37.1,11,48,571.0,sms,mien_nam,1
36,10.1,10,251,319.0,email,mien_nam,0
50,23.2,17,12,412.0,email,mien_trung,1
68,29.6,15,259,508.0,sms,mien_trung,0
34,22.5,7,336,555.0,email,mien_nam,0
20,14.3,11,230,650.0,quang_cao,mien_nam,0
39,39.2,8,193,588.0,quang_cao,mien_nam,0
56,12.9,8,174,410.0,email,mien_trung,0
38,11.3,10,252,463.0,quang_cao,mien_nam,0
44,15.2,10,313,316.0,email,mien_trung,0
38,24.4,15,89,808.0,email,mien_trung,1
70,19.6,12,34,391.0,sms,mien_trung,1
65,7.9,1,288,445.0,sms,mien_bac,0
60,20.2,8,21,487.0,email,mien_nam,1
63,51.2,15,230,456.0,email,mien_nam,1
31,13.2,4,265,805.0,goi_dien,mien_bac,0
34,17.0,17,246,490.0,sms,mien_trung,0
67,14.0,19,365,786.0,quang_cao,mien_bac,0
46,58.8,17,119,808.0,quang_cao,mien_trung,1
43,34.3,14,296,630.0,email,mien_trung,0
24,30.0,15,206,828.0,goi_dien,mien_nam,0
42,36.4,12,54,383.0,quang_cao,mien_nam,1
32,13.4,20,89,810.0,goi_dien,mien_bac,1
34,36.8,2,127,342.0,sms,mien_trung,0
48,44.6,1,15,790.0,goi_dien,mien_bac,1
59,45.5,16,302,570.0,goi_dien,mien_nam,1
28,,14,119,835.0,quang_cao,mien_nam,1
49,23.9,20,141,660.0,quang_cao,mien_nam,1
44,55.7,10,273,792.0,sms,mien_bac,0
69,19.0,5,8,358.0,quang_cao,mien_trung,0
20,19.3,1,145,369.0,sms,mien_trung,0
60,32.1,17,240,743.0,quang_cao,mien_bac,1
28,25.6,19,169,523.0,goi_dien,mien_bac,1
31,30.2,12,304,460.0,goi_dien,mien_nam,0
66,56.8,7,210,656.0,email,mien_bac,0
67,12.4,19,61,554.0,email,mien_trung,1
30,36.7,16,10,807.0,email,mien_trung,1
49,11.5,1,365,488.0,sms,mien_trung,0
60,19.0,15,348,510.0,sms,mien_nam,0
61,16.2,0,361,808.0,email,mien_bac,0
44,29.8,7,277,552.0,goi_dien,mien_trung,0
67,38.1,13,268,448.0,quang_cao,mien_trung,0
44,42.7,6,215,547.0,sms,mien_bac,0
34,38.7,12,95,493.0,quang_cao,mien_bac,1
39,15.1,20,81,838.0,goi_dien,mien_nam,1
40,17.7,5,324,741.0,sms,mien_nam,0
27,50.6,15,71,524.0,sms,mien_nam,1
34,21.2,11,12,694.0,goi_dien,mien_nam,1
60,31.4,17,124,702.0,goi_dien,mien_nam,1
38,32.1,6,130,415.0,goi_dien,mien_bac,0
32,40.6,0,53,629.0,sms,mien_bac,0
33,22.4,0,164,387.0,email,mien_bac,0
55,33.5,19,65,407.0,goi_dien,mien_nam,1
66,18.1,8,22,660.0,email,mien_nam,1
38,56.5,15,131,740.0,quang_cao,mien_bac,1
56,45.3,19,206,718.0,email,mien_bac,1
25,42.3,20,86,483.0,goi_dien,mien_trung,1
23,58.6,2,38,753.0,goi_dien,mien_bac,1
61,27.1,18,34,332.0,quang_cao,mien_bac,1
25,34.5,2,135,693.0,sms,mien_trung,0
54,8.6,18,122,530.0,email,mien_nam,0
70,36.4,11,100,690.0,email,mien_nam,1
55,29.2,9,18,472.0,goi_dien,mien_bac,1
43,55.3,8,61,478.0,email,mien_nam,1
44,45.8,19,124,385.0,quang_cao,mien_bac,1
31,31.5,11,258,547.0,quang_cao,mien_bac,0
33,30.8,12,167,454.0,email,mien_nam,1
39,44.7,1,161,750.0,goi_dien,mien_nam,0
51,20.3,4,44,493.0,email,mien_trung,0
43,4.7,13,148,837.0,email,mien_nam,1
32,10.6,1,169,781.0,quang_cao,mien_trung,0
52,59.3,6,23,433.0,sms,mien_nam,1
70,59.1,11,102,752.0,email,mien_nam,1
48,15.1,0,174,437.0,goi_dien,mien_trung,0
21,25.2,20,7,798.0,sms,mien_nam,1
30,39.3,19,68,753.0,goi_dien,mien_nam,1
45,8.9,18,223,662.0,quang_cao,mien_bac,1
31,46.2,1,230,435.0,email,mien_trung,0
69,15.4,10,273,554.0,goi_dien,mien_bac,0
60,4.9,9,335,557.0,sms,mien_trung,0
41,20.4,9,265,381.0,sms,mien_nam,0
67,7.2,20,275,726.0,email,mien_trung,1
63,37.3,8,214,375.0,email,mien_trung,0
68,6.4,19,168,455.0,email,mien_nam,1
20,5.6,19,11,847.0,quang_cao,mien_trung,1
59,34.7,6,320,504.0,sms,mien_trung,0
60,26.3,14,207,656.0,sms,mien_bac,1
50,22.4,10,338,850.0,goi_dien,mien_nam,0
61,11.4,20,317,574.0,quang_cao,mien_trung,0
39,11.1,14,151,524.0,email,mien_trung,1
34,48.6,6,208,482.0,quang_cao,mien_trung,0
31,42.2,1,285,569.0,goi_dien,mien_trung,0
66,47.2,19,112,647.0,sms,mien_nam,1
18,34.6,4,40,492.0,sms,mien_bac,0
45,49.8,10,248,367.0,email,mien_bac,0
50,58.3,3,160,735.0,email,mien_bac,0
35,13.7,19,150,738.0,goi_dien,mien_nam,1
66,31.7,8,261,401.0,goi_dien,mien_nam,1
26,53.6,14,243,385.0,email,mien_trung,0
26,29.0,5,202,401.0,email,mien_nam,0
63,10.9,7,273,711.0,goi_dien,mien_bac,0
51,59.2,0,189,496.0,goi_dien,mien_trung,0
48,51.9,1,25,339.0,quang_cao,mien_nam,0
70,38.9,11,143,707.0,sms,mien_bac,1
70,46.9,17,311,603.0,goi_dien,mien_trung,1
33,40.5,5,301,457.0,goi_dien,mien_nam,0
31,43.7,0,198,690.0,sms,mien_nam,0
24,23.9,3,333,419.0,sms,mien_nam,0
44,14.5,10,48,662.0,email,mien_trung,1
29,44.0,4,306,443.0,email,mien_trung,0
68,8.6,15,203,405.0,email,mien_nam,1
22,29.7,0,343,748.0,sms,mien_bac,0
70,44.2,3,67,616.0,quang_cao,mien_nam,0
29,25.4,18,67,307.0,quang_cao,mien_nam,1
52,37.9,1,313,743.0,goi_dien,mien_trung,1
46,35.1,18,63,825.0,goi_dien,mien_nam,1
32,10.0,1,335,362.0,quang_cao,mien_nam,0
20,39.2,20,352,602.0,goi_dien,mien_nam,1
40,29.2,7,47,459.0,goi_dien,mien_bac,0
26,17.6,16,57,343.0,email,mien_nam,1
53,14.3,8,299,381.0,quang_cao,mien_nam,0
26,55.0,8,162,666.0,quang_cao,mien_nam,1
62,31.1,0,278,607.0,email,mien_nam,0
19,25.6,16,249,751.0,goi_dien,mien_bac,1
65,30.3,5,136,619.0,goi_dien,mien_nam,1
63,57.7,14,59,592.0,goi_dien,mien_trung,1
65,20.1,7,165,692.0,goi_dien,mien_nam,1
60,5.7,11,52,545.0,quang_cao,mien_trung,1
55,39.0,8,292,737.0,quang_cao,mien_trung,0
47,21.1,20,196,405.0,sms,mien_nam,1
28,27.4,8,129,477.0,quang_cao,mien_trung,0
34,33.8,0,111,322.0,sms,mien_nam,0
60,6.8,17,73,779.0,quang_cao,mien_nam,1
45,46.1,15,68,638.0,sms,mien_bac,1
22,36.6,12,48,837.0,sms,mien_nam,1
51,28.3,16,335,349.0,sms,mien_nam,0
50,43.9,11,5,757.0,email,mien_trung,1
64,38.2,15,288,836.0,sms,mien_bac,1
50,10.0,16,91,524.0,email,mien_trung,1
28,29.2,11,164,308.0,sms,mien_trung,0
45,20.6,1,320,460.0,goi_dien,mien_trung,0
23,11.9,12,76,823.0,quang_cao,mien_nam,1
46,56.2,19,11,651.0,quang_cao,mien_nam,1
52,9.8,14,309,366.0,goi_dien,mien_trung,0
43,32.6,8,298,633.0,email,mien_nam,0
36,7.1,1,194,496.0,sms,mien_trung,0
55,12.5,10,7,773.0,goi_dien,mien_nam,1
47,40.8,1,97,588.0,goi_dien,mien_bac,0
68,55.2,4,295,793.0,email,mien_nam,0
42,37.0,12,365,320.0,email,mien_trung,0
20,27.0,7,246,718.0,quang_cao,mien_trung,0
40,21.5,7,354,782.0,quang_cao,mien_nam,0
63,59.2,8,211,552.0,email,mien_trung,0
22,30.3,18,141,766.0,goi_dien,mien_trung,1
37,11.1,9,87,395.0,email,mien_nam,1
43,40.1,16,119,667.0,email,mien_nam,1
68,45.4,19,13,308.0,sms,mien_nam,1
30,36.8,6,110,386.0,sms,mien_bac,0
53,43.4,8,166,371.0,goi_dien,mien_trung,0
49,57.9,19,130,577.0,sms,mien_nam,1
26,29.5,18,68,349.0,quang_cao,mien_bac,1
63,36.3,1,8,788.0,sms,mien_trung,1
38,41.1,15,288,811.0,email,mien_trung,1
33,32.4,2,333,590.0,sms,mien_nam,0
19,8.2,3,19,492.0,email,mien_nam,0
54,15.8,9,108,641.0,email,mien_bac,1
54,48.9,8,174,618.0,goi_dien,mien_bac,1
32,11.0,17,276,567.0,quang_cao,mien_bac,0
45,13.5,14,138,805.0,email,mien_bac,1
20,50.8,14,13,525.0,sms,mien_nam,1
22,10.0,11,129,395.0,sms,mien_nam,0
36,57.5,10,157,357.0,quang_cao,mien_nam,0
37,30.8,13,121,456.0,sms,mien_trung,1
34,39.5,7,255,372.0,sms,mien_nam,0
59,5.2,7,255,409.0,email,mien_bac,0
28,24.6,11,138,772.0,sms,mien_nam,1
49,18.1,12,198,740.0,quang_cao,mien_bac,1
55,33.9,8,107,639.0,email,mien_bac,1
38,,20,49,743.0,quang_cao,mien_bac,1
27,51.8,2,262,691.0,quang_cao,mien_nam,0
39,29.1,5,216,540.0,goi_dien,mien_bac,0
62,32.4,3,160,678.0,sms,mien_trung,0
49,23.0,11,122,813.0,goi_dien,mien_nam,1
27,18.7,2,10,796.0,goi_dien,mien_trung,1
55,56.0,12,289,636.0,quang_cao,mien_bac,0
31,17.8,10,352,733.0,quang_cao,mien_trung,0
63,51.2,7,287,560.0,email,mien_nam,0
20,54.9,16,315,364.0,goi_dien,mien_bac,0
46,18.7,9,112,697.0,email,mien_trung,1
29,58.1,20,2,685.0,goi_dien,mien_bac,1
61,53.5,17,337,635.0,goi_dien,mien_trung,1
44,38.3,12,41,755.0,goi_dien,mien_trung,1
51,38.7,18,162,635.0,email,mien_bac,1
62,45.3,10,196,745.0,sms,mien_bac,1
63,42.1,20,295,655.0,sms,mien_nam,1
66,4.6,4,330,486.0,sms,mien_nam,0
23,50.1,15,265,636.0,goi_dien,mien_trung,1
31,38.0,13,82,465.0,email,mien_bac,1
36,52.0,16,35,660.0,email,mien_nam,1
19,54.5,1,68,549.0,email,mien_bac,0
62,4.9,12,137,663.0,sms,mien_bac,1
64,51.2,3,91,632.0,goi_dien,mien_trung,1
29,31.1,0,290,371.0,quang_cao,mien_nam,0
26,6.9,19,148,472.0,goi_dien,mien_trung,1
54,54.6,16,357,450.0,goi_dien,mien_trung,0
69,29.6,12,296,534.0,email,mien_trung,0
38,21.3,12,101,743.0,sms,mien_trung,1
64,8.1,8,105,355.0,email,mien_nam,0
20,49.7,10,2,330.0,quang_cao,mien_bac,1
61,53.9,0,334,396.0,goi_dien,mien_nam,0
46,14.1,1,288,705.0,goi_dien,mien_trung,0
40,37.5,5,190,785.0,quang_cao,mien_nam,0
45,42.7,11,312,309.0,sms,mien_trung,0
45,57.3,17,6,344.0,email,mien_trung,1
61,34.7,4,189,815.0,email,mien_nam,0
46,56.1,14,35,316.0,email,mien_trung,1
32,17.1,16,110,335.0,sms,mien_bac,1
66,27.4,20,292,612.0,quang_cao,mien_trung,1
32,11.8,19,199,641.0,quang_cao,mien_trung,1
29,57.9,15,86,630.0,sms,mien_trung,1
23,8.3,3,123,817.0,email,mien_nam,0
24,12.4,15,115,841.0,goi_dien,mien_bac,1
23,54.4,14,114,547.0,quang_cao,mien_trung,1
59,14.7,0,347,677.0,sms,mien_nam,0
45,16.6,7,319,475.0,goi_dien,mien_nam,0
23,6.3,8,220,477.0,email,mien_bac,0
58,46.5,13,158,491.0,goi_dien,mien_bac,1
56,56.6,4,325,572.0,sms,mien_trung,0
23,33.1,15,58,346.0,sms,mien_nam,1
68,5.2,13,288,466.0,sms,mien_nam,0
24,31.1,14,113,629.0,sms,mien_bac,1
41,16.7,20,74,789.0,quang_cao,mien_bac,1
59,7.7,2,196,666.0,quang_cao,mien_nam,0
62,29.9,9,303,790.0,goi_dien,mien_bac,0
44,28.1,3,113,452.0,sms,mien_nam,0
44,44.1,19,182,609.0,goi_dien,mien_nam,1
55,31.9,11,96,726.0,email,mien_bac,1
36,60.0,13,112,474.0,goi_dien,mien_bac,1
61,24.1,17,359,527.0,sms,mien_nam,0
29,35.3,6,211,801.0,email,mien_bac,0
68,5.5,3,131,517.0,sms,mien_nam,0
31,5.6,18,343,554.0,email,mien_trung,0
62,34.9,12,158,607.0,email,mien_trung,1
49,44.6,18,322,507.0,email,mien_trung,0
57,16.5,19,237,704.0,goi_dien,mien_nam,1
52,54.7,4,316,487.0,email,mien_nam,0
43,54.5,17,280,446.0,quang_cao,mien_nam,0
48,16.7,2,28,357.0,email,mien_nam,0
69,59.6,20,42,846.0,sms,mien_trung,1
39,29.9,3,85,709.0,quang_cao,mien_nam,0
69,22.7,18,52,481.0,quang_cao,mien_nam,1
49,25.6,7,67,724.0,email,mien_nam,1
67,27.8,1,19,630.0,quang_cao,mien_bac,0
68,30.2,0,337,475.0,goi_dien,mien_trung,0
38,26.0,2,155,839.0,sms,mien_bac,0
62,31.5,4,320,498.0,email,mien_bac,0
36,23.4,14,22,699.0,sms,mien_bac,1
37,29.7,1,222,561.0,quang_cao,mien_nam,0
54,7.6,9,63,636.0,email,mien_trung,1
68,15.0,8,324,533.0,quang_cao,mien_nam,0
38,44.5,8,74,562.0,quang_cao,mien_nam,1
37,21.0,7,359,685.0,goi_dien,mien_bac,0
24,24.6,4,200,601.0,quang_cao,mien_trung,0
19,47.9,7,186,803.0,email,mien_bac,1
62,12.6,3,5,597.0,goi_dien,mien_bac,0
33,14.3,16,93,443.0,goi_dien,mien_bac,1
45,26.3,10,302,673.0,goi_dien,mien_nam,0
35,48.6,19,180,734.0,goi_dien,mien_nam,1
57,56.4,4,86,791.0,sms,mien_trung,1
59,25.8,2,314,795.0,quang_cao,mien_nam,0
50,57.2,6,221,361.0,email,mien_trung,0
43,26.0,1,295,419.0,sms,mien_bac,0
34,45.3,16,106,408.0,goi_dien,mien_nam,1
28,31.7,7,295,326.0,quang_cao,mien_bac,0
48,5.6,20,49,383.0,quang_cao,mien_nam,1
23,17.2,4,132,717.0,quang_cao,mien_nam,0
44,7.8,7,172,808.0,sms,mien_bac,0
47,37.4,13,28,465.0,sms,mien_trung,1
24,9.6,0,267,684.0,quang_cao,mien_trung,0
41,25.9,17,326,743.0,goi_dien,mien_bac,1
32,51.4,15,246,551.0,email,mien_trung,1
32,47.7,1,303,309.0,goi_dien,mien_bac,0
56,18.2,9,64,824.0,goi_dien,mien_nam,1
21,25.1,16,289,313.0,email,mien_trung,0
60,15.4,10,344,695.0,quang_cao,mien_trung,0
30,35.2,6,61,548.0,goi_dien,mien_trung,1
58,42.5,15,44,414.0,sms,mien_bac,1
38,25.3,19,227,531.0,sms,mien_nam,1
36,60.0,13,51,550.0,goi_dien,mien_nam,1
19,49.2,14,170,543.0,quang_cao,mien_trung,1
31,6.1,6,69,740.0,goi_dien,mien_bac,1
44,6.2,14,292,689.0,goi_dien,mien_trung,0
46,35.0,9,184,352.0,goi_dien,mien_nam,0
38,17.2,1,348,736.0,quang_cao,mien_trung,0
22,41.4,8,209,440.0,sms,mien_nam,0
37,5.3,20,190,833.0,sms,mien_nam,0
59,34.8,20,72,807.0,sms,mien_trung,1
27,30.5,4,99,785.0,goi_dien,mien_trung,1
23,33.5,10,336,720.0,quang_cao,mien_nam,0
29,12.0,16,83,587.0,email,mien_trung,1
27,49.8,11,78,419.0,email,mien_trung,1
57,28.5,2,235,562.0,goi_dien,mien_trung,0
60,35.2,6,24,793.0,quang_cao,mien_nam,1
56,52.5,7,250,426.0,quang_cao,mien_nam,0
26,39.5,18,199,751.0,quang_cao,mien_nam,1
53,39.9,18,188,677.0,goi_dien,mien_nam,1
58,20.0,4,119,539.0,quang_cao,mien_bac,0
43,6.3,0,59,334.0,quang_cao,mien_nam,0
50,5.5,0,121,395.0,goi_dien,mien_trung,0
66,15.3,7,12,676.0,goi_dien,mien_bac,1
27,24.4,16,34,812.0,sms,mien_bac,1
40,23.1,18,93,447.0,sms,mien_trung,1
23,47.0,12,38,586.0,quang_cao,mien_nam,1
55,21.1,8,328,700.0,goi_dien,mien_bac,0
63,28.1,6,237,535.0,quang_cao,mien_bac,0
38,51.8,9,358,475.0,goi_dien,mien_bac,0
69,7.9,14,43,719.0,sms,mien_bac,1
61,22.6,4,340,782.0,quang_cao,mien_bac,0
57,18.4,7,89,686.0,email,mien_trung,1
67,51.8,13,234,392.0,goi_dien,mien_trung,1
51,37.9,9,266,672.0,quang_cao,mien_nam,0
70,57.7,3,84,798.0,quang_cao,mien_nam,1
32,31.5,11,306,565.0,quang_cao,mien_bac,0
18,40.3,6,284,394.0,email,mien_trung,0
50,8.2,8,172,352.0,email,mien_nam,0
18,46.1,8,307,501.0,sms,mien_nam,0
55,41.4,2,142,703.0,email,mien_nam,0
42,35.4,11,59,481.0,quang_cao,mien_bac,1
35,24.6,10,154,376.0,email,mien_trung,0
43,11.7,13,125,662.0,email,mien_trung,1
35,15.7,2,80,547.0,sms,mien_nam,1
30,20.7,4,33,747.0,sms,mien_bac,1
60,53.1,5,196,475.0,email,mien_bac,0
66,25.2,15,310,575.0,email,mien_nam,0
69,20.4,7,348,583.0,sms,mien_bac,0
57,55.3,18,357,841.0,goi_dien,mien_trung,1
61,47.8,0,55,601.0,goi_dien,mien_nam,1
47,16.4,8,59,486.0,goi_dien,mien_bac,1
55,42.2,2,352,322.0,sms,mien_nam,0
56,39.9,16,254,826.0,email,mien_bac,1
43,30.8,19,294,601.0,email,mien_nam,1
49,26.6,19,65,789.0,quang_cao,mien_trung,1
51,6.8,14,175,449.0,sms,mien_bac,0
22,32.5,10,84,525.0,sms,mien_trung,1
19,20.7,10,114,592.0,quang_cao,mien_bac,1
65,30.2,1,66,795.0,quang_cao,mien_trung,0
35,42.5,17,67,608.0,goi_dien,mien_nam,1
43,58.2,19,166,,email,mien_nam,1
50,32.5,18,312,811.0,quang_cao,mien_bac,1
66,26.9,10,277,313.0,goi_dien,mien_nam,0
68,52.6,9,75,336.0,sms,mien_nam,1
45,37.0,19,312,368.0,goi_dien,mien_trung,1
69,26.1,12,202,816.0,sms,mien_nam,1
37,41.6,15,285,381.0,sms,mien_bac,0
54,15.0,20,34,832.0,quang_cao,mien_nam,1
34,9.6,12,310,455.0,quang_cao,mien_trung,0
65,48.0,7,209,476.0,goi_dien,mien_bac,0
47,35.2,13,192,697.0,goi_dien,mien_bac,1
41,7.0,18,232,409.0,sms,mien_bac,0
39,40.1,12,216,371.0,email,mien_trung,0
69,12.7,12,255,500.0,email,mien_trung,0
68,22.4,18,191,743.0,sms,mien_bac,1
48,18.3,1,145,387.0,goi_dien,mien_trung,0
60,47.9,10,242,700.0,goi_dien,mien_trung,1
45,27.3,1,186,716.0,email,mien_bac,0
19,46.3,8,331,363.0,sms,mien_nam,0
40,14.6,18,204,806.0,sms,mien_trung,1
47,46.6,7,83,304.0,email,mien_trung,1
59,53.6,5,17,690.0,quang_cao,mien_trung,1
57,21.7,3,301,778.0,quang_cao,mien_bac,0
69,17.3,1,240,500.0,sms,mien_trung,0
32,28.1,6,56,327.0,email,mien_trung,0
57,10.7,7,119,424.0,goi_dien,mien_bac,0
32,23.7,3,22,446.0,sms,mien_bac,0
54,5.8,13,47,840.0,goi_dien,mien_bac,1
39,50.6,7,318,725.0,quang_cao,mien_bac,0
52,30.9,20,124,668.0,goi_dien,mien_bac,1
48,58.0,9,145,606.0,quang_cao,mien_bac,1
53,49.5,2,82,306.0,sms,mien_trung,0
70,56.0,4,319,681.0,email,mien_trung,0
59,16.1,8,103,583.0,email,mien_nam,1
28,9.5,20,50,336.0,sms,mien_bac,1
57,56.6,1,147,534.0,email,mien_bac,0
54,45.7,14,193,716.0,email,mien_trung,1
52,41.1,15,49,602.0,sms,mien_bac,1
65,50.8,14,107,644.0,sms,mien_bac,1
40,35.1,8,70,658.0,goi_dien,mien_bac,1
54,21.0,5,30,737.0,email,mien_nam,1
43,51.1,0,191,730.0,quang_cao,mien_nam,0
67,,12,356,490.0,quang_cao,mien_nam,0
41,28.1,10,364,462.0,quang_cao,mien_trung,0
51,10.8,18,133,650.0,sms,mien_nam,1
58,33.5,20,353,800.0,goi_dien,mien_nam,1
54,11.7,9,103,311.0,sms,mien_trung,0
31,53.4,13,129,584.0,quang_cao,mien_nam,1
57,43.1,13,290,592.0,sms,mien_bac,0
67,8.8,15,55,407.0,goi_dien,mien_nam,1
41,30.1,12,332,338.0,email,mien_nam,0
56,38.8,19,189,740.0,goi_dien,mien_bac,1
62,24.5,6,351,558.0,goi_dien,mien_bac,0
41,27.2,9,56,357.0,goi_dien,mien_bac,1
61,14.5,3,288,465.0,email,mien_bac,0
31,4.7,0,187,470.0,sms,mien_bac,0
57,33.9,19,306,834.0,sms,mien_bac,1
43,34.7,17,160,748.0,quang_cao,mien_nam,1
47,58.5,17,2,794.0,quang_cao,mien_bac,1
59,41.5,8,204,747.0,sms,mien_nam,1
66,17.1,18,284,553.0,quang_cao,mien_trung,0
33,18.5,18,107,597.0,quang_cao,mien_trung,1
30,31.0,10,199,358.0,quang_cao,mien_nam,0
47,4.5,6,330,832.0,sms,mien_trung,0
19,55.1,15,84,630.0,email,mien_nam,1
61,53.9,19,140,801.0,email,mien_bac,1
50,46.5,1,262,637.0,email,mien_trung,0
41,36.9,18,295,426.0,quang_cao,mien_bac,0
19,18.1,18,360,346.0,quang_cao,mien_bac,0
18,41.7,16,167,643.0,goi_dien,mien_bac,1
20,28.6,14,256,732.0,quang_cao,mien_nam,1
20,10.2,7,267,587.0,email,mien_bac,0
60,38.7,7,26,593.0,sms,mien_bac,1
55,19.0,10,154,684.0,goi_dien,mien_trung,1
69,21.6,9,24,454.0,email,mien_bac,1
28,46.4,12,188,707.0,quang_cao,mien_trung,0
54,46.7,19,30,541.0,sms,mien_bac,1
33,38.8,8,355,665.0,goi_dien,mien_bac,0
41,41.2,13,163,410.0,sms,mien_bac,1
18,57.6,15,186,611.0,email,mien_trung,1
67,30.5,11,297,823.0,quang_cao,mien_trung,0
37,47.7,10,59,527.0,quang_cao,mien_nam,1
61,50.8,1,321,700.0,quang_cao,mien_nam,0
24,13.6,16,74,639.0,quang_cao,mien_trung,1
38,49.6,3,340,711.0,quang_cao,mien_trung,0
42,33.7,0,325,829.0,goi_dien,mien_bac,0
56,38.1,13,161,618.0,quang_cao,mien_nam,1
70,21.3,0,220,631.0,quang_cao,mien_nam,0
43,20.0,17,311,793.0,email,mien_trung,1
31,34.1,18,127,800.0,email,mien_nam,1
